Date,Barrage,Capacite Normale (Mm3),Reserve (Mm3),Taux de Remplissage (%)
2026-03-06,Sidi Mohammed Ben Abdellah,974.788,933.936,95.8091
2026-03-06,Ain Kouachia,11.0,10.155,92.3182
2026-03-06,El Kansera,297.0,133.650,45.0000
2026-03-06,Garde de Sebou,40.0,38.400,96.0000
2026-03-06,Tiddas,507.0,101.400,20.0000
2026-03-06,Réserve totale,,1217.541,
2026-03-05,Sidi Mohammed Ben Abdellah,974.788,934.384,95.8551
2026-03-05,Ain Kouachia,11.0,,
2026-03-05,El Kansera,297.0,133.300,44.8822
2026-03-05,Garde de Sebou,40.0,38.353,95.8822
2026-03-05,Tiddas,507.0,100.803,19.8822
2026-03-05,Réserve totale,,1206.840,
2026-03-04,Sidi Mohammed Ben Abdellah,974.788,934.832,95.9011
2026-03-04,Ain Kouachia,11.0,10.126,92.0545
2026-03-04,El Kansera,297.0,132.795,44.7121
2026-03-04,Garde de Sebou,40.0,38.285,95.7121
2026-03-04,Tiddas,507.0,99.940,19.7121
2026-03-04,Réserve totale,,1215.978,
2026-03-03,Sidi Mohammed Ben Abdellah,974.788,934.384,95.8551
2026-03-03,Ain Kouachia,11.0,10.097,91.7909
2026-03-03,El Kansera,297.0,132.378,44.5717
2026-03-03,Garde de Sebou,40.0,38.229,95.5717
2026-03-03,Tiddas,507.0,99.229,19.5717
2026-03-03,Réserve totale,,1214.316,
2026-03-02,Sidi Mohammed Ben Abdellah,974.788,934.384,95.8551
2026-03-02,Ain Kouachia,11.0,10.068,91.5273
2026-03-02,El Kansera,297.0,132.403,44.5802
2026-03-02,Garde de Sebou,40.0,38.232,95.5802
2026-03-02,Tiddas,507.0,99.272,19.5802
2026-03-02,Réserve totale,,1214.359,
2026-03-01,Sidi Mohammed Ben Abdellah,974.788,934.832,95.9011
2026-03-01,Ain Kouachia,11.0,10.068,91.5273
2026-03-01,El Kansera,297.0,132.534,44.6241
2026-03-01,Garde de Sebou,40.0,38.250,95.6241
2026-03-01,Tiddas,507.0,99.494,19.6241
2026-03-01,Réserve totale,,1215.177,
2026-02-28,Sidi Mohammed Ben Abdellah,974.788,935.281,95.9471
2026-02-28,Ain Kouachia,11.0,10.068,91.5273
2026-02-28,El Kansera,297.0,132.571,44.6367
2026-02-28,Garde de Sebou,40.0,38.255,95.6367
2026-02-28,Tiddas,507.0,99.558,19.6367
2026-02-28,Réserve totale,,1215.732,
2026-02-27,Sidi Mohammed Ben Abdellah,974.788,935.281,95.9471
2026-02-27,Ain Kouachia,11.0,10.038,91.2545
2026-02-27,El Kansera,297.0,132.429,44.5889
2026-02-27,Garde de Sebou,40.0,38.236,95.5889
2026-02-27,Tiddas,507.0,99.316,19.5889
2026-02-27,Réserve totale,,1215.299,
2026-02-26,Sidi Mohammed Ben Abdellah,974.788,935.729,95.9931
2026-02-26,Ain Kouachia,11.0,10.024,91.1273
2026-02-26,El Kansera,297.0,132.578,44.6389
2026-02-26,Garde de Sebou,40.0,38.256,95.6389
2026-02-26,Tiddas,507.0,99.569,19.6389
2026-02-26,Réserve totale,,1216.156,
2026-02-25,Sidi Mohammed Ben Abdellah,974.788,936.178,96.0391
2026-02-25,Ain Kouachia,11.0,10.08,91.6364
2026-02-25,El Kansera,297.0,132.191,44.5088
2026-02-25,Garde de Sebou,40.0,38.204,95.5088
2026-02-25,Tiddas,507.0,98.910,19.5088
2026-02-25,Réserve totale,,1215.562,
2026-02-24,Sidi Mohammed Ben Abdellah,974.788,935.729,95.9931
2026-02-24,Ain Kouachia,11.0,10.36,94.1818
2026-02-24,El Kansera,297.0,131.911,44.4143
2026-02-24,Garde de Sebou,40.0,38.166,95.4143
2026-02-24,Tiddas,507.0,98.431,19.4143
2026-02-24,Réserve totale,,1214.596,
2026-02-23,Sidi Mohammed Ben Abdellah,974.788,935.729,95.9931
2026-02-23,Ain Kouachia,11.0,10.64,96.7273
2026-02-23,El Kansera,297.0,131.686,44.3389
2026-02-23,Garde de Sebou,40.0,38.136,95.3389
2026-02-23,Tiddas,507.0,98.048,19.3389
2026-02-23,Réserve totale,,1214.239,
2026-02-22,Sidi Mohammed Ben Abdellah,974.788,935.281,95.9471
2026-02-22,Ain Kouachia,11.0,10.93,99.3636
2026-02-22,El Kansera,297.0,131.635,44.3214
2026-02-22,Garde de Sebou,40.0,38.129,95.3214
2026-02-22,Tiddas,507.0,97.959,19.3214
2026-02-22,Réserve totale,,1213.934,
2026-02-21,Sidi Mohammed Ben Abdellah,974.788,934.832,95.9011
2026-02-21,Ain Kouachia,11.0,11.2,101.818
2026-02-21,El Kansera,297.0,131.517,44.2819
2026-02-21,Garde de Sebou,40.0,38.113,95.2819
2026-02-21,Tiddas,507.0,97.759,19.2819
2026-02-21,Réserve totale,,1213.421,
2026-02-20,Sidi Mohammed Ben Abdellah,974.788,933.936,95.8091
2026-02-20,Ain Kouachia,11.0,11.44,104
2026-02-20,El Kansera,297.0,131.264,44.1967
2026-02-20,Garde de Sebou,40.0,38.079,95.1967
2026-02-20,Tiddas,507.0,97.327,19.1967
2026-02-20,Réserve totale,,1212.046,
2026-02-19,Sidi Mohammed Ben Abdellah,974.788,932.592,95.6713
2026-02-19,Ain Kouachia,11.0,11.71,106.455
2026-02-19,El Kansera,297.0,130.920,44.0808
2026-02-19,Garde de Sebou,40.0,38.032,95.0808
2026-02-19,Tiddas,507.0,96.739,19.0808
2026-02-19,Réserve totale,,1209.994,
2026-02-18,Sidi Mohammed Ben Abdellah,974.788,930.803,95.4877
2026-02-18,Ain Kouachia,11.0,11.95,108.636
2026-02-18,El Kansera,297.0,130.957,44.0932
2026-02-18,Garde de Sebou,40.0,38.037,95.0932
2026-02-18,Tiddas,507.0,96.803,19.0932
2026-02-18,Réserve totale,,1208.550,
2026-02-17,Sidi Mohammed Ben Abdellah,974.788,928.568,95.2585
2026-02-17,Ain Kouachia,11.0,12.19,110.818
2026-02-17,El Kansera,297.0,130.429,43.9154
2026-02-17,Garde de Sebou,40.0,37.966,94.9154
2026-02-17,Tiddas,507.0,95.901,18.9154
2026-02-17,Réserve totale,,1205.054,
2026-02-16,Sidi Mohammed Ben Abdellah,974.788,925.445,94.9381
2026-02-16,Ain Kouachia,11.0,12.4,112.727
2026-02-16,El Kansera,297.0,130.328,43.8816
2026-02-16,Garde de Sebou,40.0,37.953,94.8816
2026-02-16,Tiddas,507.0,95.730,18.8816
2026-02-16,Réserve totale,,1201.855,
2026-02-15,Sidi Mohammed Ben Abdellah,974.788,917,94.0717
2026-02-15,Ain Kouachia,11.0,12.62,114.727
2026-02-15,El Kansera,297.0,130.443,43.9204
2026-02-15,Garde de Sebou,40.0,37.968,94.9204
2026-02-15,Tiddas,507.0,95.926,18.9204
2026-02-15,Réserve totale,,1193.958,
2026-02-14,Sidi Mohammed Ben Abdellah,974.788,905.511,92.8931
2026-02-14,Ain Kouachia,11.0,12.57,114.273
2026-02-14,El Kansera,297.0,130.740,44.0201
2026-02-14,Garde de Sebou,40.0,38.008,95.0201
2026-02-14,Tiddas,507.0,96.432,19.0201
2026-02-14,Réserve totale,,1183.261,
2026-02-13,Sidi Mohammed Ben Abdellah,974.788,911.245,93.4814
2026-02-13,Ain Kouachia,11.0,12.51,113.727
2026-02-13,El Kansera,297.0,130.375,43.8972
2026-02-13,Garde de Sebou,40.0,37.959,94.8972
2026-02-13,Tiddas,507.0,95.809,18.8972
2026-02-13,Réserve totale,,1187.897,
2026-02-12,Sidi Mohammed Ben Abdellah,974.788,912.571,93.6174
2026-02-12,Ain Kouachia,11.0,12.7,115.455
2026-02-12,El Kansera,297.0,130.565,43.9614
2026-02-12,Garde de Sebou,40.0,37.985,94.9614
2026-02-12,Tiddas,507.0,96.134,18.9614
2026-02-12,Réserve totale,,1189.955,
2026-02-11,Sidi Mohammed Ben Abdellah,974.788,913.014,93.6628
2026-02-11,Ain Kouachia,11.0,12.29,111.727
2026-02-11,El Kansera,297.0,130.536,43.9516
2026-02-11,Garde de Sebou,40.0,37.981,94.9516
2026-02-11,Tiddas,507.0,96.085,18.9516
2026-02-11,Réserve totale,,1189.905,
2026-02-10,Sidi Mohammed Ben Abdellah,974.788,914.341,93.799
2026-02-10,Ain Kouachia,11.0,13.07,118.818
2026-02-10,El Kansera,297.0,130.120,43.8115
2026-02-10,Garde de Sebou,40.0,37.925,94.8115
2026-02-10,Tiddas,507.0,95.374,18.8115
2026-02-10,Réserve totale,,1190.830,
2026-02-09,Sidi Mohammed Ben Abdellah,974.788,920.55,94.4359
2026-02-09,Ain Kouachia,11.0,13.26,120.545
2026-02-09,El Kansera,297.0,129.872,43.7279
2026-02-09,Garde de Sebou,40.0,37.891,94.7279
2026-02-09,Tiddas,507.0,94.951,18.7279
2026-02-09,Réserve totale,,1196.524,
2026-02-08,Sidi Mohammed Ben Abdellah,974.788,916.113,93.9807
2026-02-08,Ain Kouachia,11.0,14.07,127.909
2026-02-08,El Kansera,297.0,129.303,43.5363
2026-02-08,Garde de Sebou,40.0,37.815,94.5363
2026-02-08,Tiddas,507.0,93.979,18.5363
2026-02-08,Réserve totale,,1191.280,
2026-02-07,Sidi Mohammed Ben Abdellah,974.788,916.556,94.0262
2026-02-07,Ain Kouachia,11.0,12.03,109.364
2026-02-07,El Kansera,297.0,128.862,43.3880
2026-02-07,Garde de Sebou,40.0,37.755,94.3880
2026-02-07,Tiddas,507.0,93.227,18.3880
2026-02-07,Réserve totale,,1188.431,
2026-02-06,Sidi Mohammed Ben Abdellah,974.788,925,94.8924
2026-02-06,Ain Kouachia,11.0,12.33,112.091
2026-02-06,El Kansera,297.0,128.697,43.3325
2026-02-06,Garde de Sebou,40.0,37.733,94.3325
2026-02-06,Tiddas,507.0,92.946,18.3325
2026-02-06,Réserve totale,,1196.706,
2026-02-05,Sidi Mohammed Ben Abdellah,974.788,934.832,95.9011
2026-02-05,Ain Kouachia,11.0,12.51,113.727
2026-02-05,El Kansera,297.0,128.265,43.1867
2026-02-05,Garde de Sebou,40.0,37.675,94.1867
2026-02-05,Tiddas,507.0,92.207,18.1867
2026-02-05,Réserve totale,,1205.488,
2026-02-04,Sidi Mohammed Ben Abdellah,974.788,934.384,95.8551
2026-02-04,Ain Kouachia,11.0,12.856,116.873
2026-02-04,El Kansera,297.0,128.523,43.2738
2026-02-04,Garde de Sebou,40.0,37.710,94.2738
2026-02-04,Tiddas,507.0,92.648,18.2738
2026-02-04,Réserve totale,,1206.121,
2026-02-03,Sidi Mohammed Ben Abdellah,974.788,925.891,94.9838
2026-02-03,Ain Kouachia,11.0,12.46,113.273
2026-02-03,El Kansera,297.0,128.274,43.1899
2026-02-03,Garde de Sebou,40.0,37.676,94.1899
2026-02-03,Tiddas,507.0,92.223,18.1899
2026-02-03,Réserve totale,,1196.524,
2026-02-02,Sidi Mohammed Ben Abdellah,974.788,929.462,95.3502
2026-02-02,Ain Kouachia,11.0,11.91,108.273
2026-02-02,El Kansera,297.0,128.082,43.1253
2026-02-02,Garde de Sebou,40.0,37.650,94.1253
2026-02-02,Tiddas,507.0,91.895,18.1253
2026-02-02,Réserve totale,,1199.000,
2026-02-01,Sidi Mohammed Ben Abdellah,974.788,923,94.6873
2026-02-01,Ain Kouachia,11.0,11.91,108.273
2026-02-01,El Kansera,297.0,128.378,43.2249
2026-02-01,Garde de Sebou,40.0,37.690,94.2249
2026-02-01,Tiddas,507.0,92.400,18.2249
2026-02-01,Réserve totale,,1193.378,
2026-01-31,Sidi Mohammed Ben Abdellah,974.788,947.887,97.2403
2026-01-31,Ain Kouachia,11.0,11.8,107.273
2026-01-31,El Kansera,297.0,128.308,43.2014
2026-01-31,Garde de Sebou,40.0,37.681,94.2014
2026-01-31,Tiddas,507.0,92.281,18.2014
2026-01-31,Réserve totale,,1217.957,
2026-01-30,Sidi Mohammed Ben Abdellah,974.788,953.774,97.8442
2026-01-30,Ain Kouachia,11.0,11.61,105.545
2026-01-30,El Kansera,297.0,128.573,43.2905
2026-01-30,Garde de Sebou,40.0,37.716,94.2905
2026-01-30,Tiddas,507.0,92.733,18.2905
2026-01-30,Réserve totale,,1224.406,
2026-01-29,Sidi Mohammed Ben Abdellah,974.788,958.318,98.3104
2026-01-29,Ain Kouachia,11.0,11.72,106.545
2026-01-29,El Kansera,297.0,128.342,43.2129
2026-01-29,Garde de Sebou,40.0,37.685,94.2129
2026-01-29,Tiddas,507.0,92.340,18.2129
2026-01-29,Réserve totale,,1228.405,
2026-01-28,Sidi Mohammed Ben Abdellah,974.788,961.507,98.6376
2026-01-28,Ain Kouachia,11.0,12.14,110.364
2026-01-28,El Kansera,297.0,128.613,43.3039
2026-01-28,Garde de Sebou,40.0,37.722,94.3039
2026-01-28,Tiddas,507.0,92.801,18.3039
2026-01-28,Réserve totale,,1232.782,
2026-01-27,Sidi Mohammed Ben Abdellah,974.788,965.159,99.0122
2026-01-27,Ain Kouachia,11.0,12.41,112.818
2026-01-27,El Kansera,297.0,128.646,43.3150
2026-01-27,Garde de Sebou,40.0,37.726,94.3150
2026-01-27,Tiddas,507.0,92.857,18.3150
2026-01-27,Réserve totale,,1236.798,
2026-01-26,Sidi Mohammed Ben Abdellah,974.788,965.616,99.0591
2026-01-26,Ain Kouachia,11.0,12.856,116.873
2026-01-26,El Kansera,297.0,128.432,43.2430
2026-01-26,Garde de Sebou,40.0,37.697,94.2430
2026-01-26,Tiddas,507.0,92.492,18.2430
2026-01-26,Réserve totale,,1237.093,
2026-01-25,Sidi Mohammed Ben Abdellah,974.788,969.783,99.4866
2026-01-25,Ain Kouachia,11.0,13.36,121.455
2026-01-25,El Kansera,297.0,128.691,43.3302
2026-01-25,Garde de Sebou,40.0,37.732,94.3302
2026-01-25,Tiddas,507.0,92.934,18.3302
2026-01-25,Réserve totale,,1242.500,
2026-01-24,Sidi Mohammed Ben Abdellah,974.788,968.34,99.3385
2026-01-24,Ain Kouachia,11.0,13.18,119.818
2026-01-24,El Kansera,297.0,128.512,43.2701
2026-01-24,Garde de Sebou,40.0,37.708,94.2701
2026-01-24,Tiddas,507.0,92.630,18.2701
2026-01-24,Réserve totale,,1240.370,
2026-01-23,Sidi Mohammed Ben Abdellah,974.788,965.159,99.0122
2026-01-23,Ain Kouachia,11.0,12.19,110.818
2026-01-23,El Kansera,297.0,128.490,43.2628
2026-01-23,Garde de Sebou,40.0,37.705,94.2628
2026-01-23,Tiddas,507.0,92.592,18.2628
2026-01-23,Réserve totale,,1236.137,
2026-01-22,Sidi Mohammed Ben Abdellah,974.788,965.159,99.0122
2026-01-22,Ain Kouachia,11.0,12.3,111.818
2026-01-22,El Kansera,297.0,128.439,43.2454
2026-01-22,Garde de Sebou,40.0,37.698,94.2454
2026-01-22,Tiddas,507.0,92.504,18.2454
2026-01-22,Réserve totale,,1236.100,
2026-01-21,Sidi Mohammed Ben Abdellah,974.788,972.031,99.7172
2026-01-21,Ain Kouachia,11.0,12.19,110.818
2026-01-21,El Kansera,297.0,127.859,43.0502
2026-01-21,Garde de Sebou,40.0,37.620,94.0502
2026-01-21,Tiddas,507.0,91.514,18.0502
2026-01-21,Réserve totale,,1241.215,
2026-01-20,Sidi Mohammed Ben Abdellah,974.788,970.195,99.5288
2026-01-20,Ain Kouachia,11.0,12.14,110.364
2026-01-20,El Kansera,297.0,127.277,42.8542
2026-01-20,Garde de Sebou,40.0,37.542,93.8542
2026-01-20,Tiddas,507.0,90.521,17.8542
2026-01-20,Réserve totale,,1237.675,
2026-01-19,Sidi Mohammed Ben Abdellah,974.788,971.572,99.6701
2026-01-19,Ain Kouachia,11.0,12.02,109.273
2026-01-19,El Kansera,297.0,126.904,42.7288
2026-01-19,Garde de Sebou,40.0,37.492,93.7288
2026-01-19,Tiddas,507.0,89.885,17.7288
2026-01-19,Réserve totale,,1237.873,
2026-01-18,Sidi Mohammed Ben Abdellah,974.788,974.328,99.9528
2026-01-18,Ain Kouachia,11.0,11.44,104
2026-01-18,El Kansera,297.0,126.820,42.7005
2026-01-18,Garde de Sebou,40.0,37.480,93.7005
2026-01-18,Tiddas,507.0,89.741,17.7005
2026-01-18,Réserve totale,,1239.810,
2026-01-17,Sidi Mohammed Ben Abdellah,974.788,972.49,99.7643
2026-01-17,Ain Kouachia,11.0,11.27,102.455
2026-01-17,El Kansera,297.0,126.522,42.6001
2026-01-17,Garde de Sebou,40.0,37.440,93.6001
2026-01-17,Tiddas,507.0,89.233,17.6001
2026-01-17,Réserve totale,,1236.955,
2026-01-16,Sidi Mohammed Ben Abdellah,974.788,969.278,99.4347
2026-01-16,Ain Kouachia,11.0,10.96,99.6364
2026-01-16,El Kansera,297.0,126.620,42.6330
2026-01-16,Garde de Sebou,40.0,37.453,93.6330
2026-01-16,Tiddas,507.0,89.399,17.6330
2026-01-16,Réserve totale,,1233.710,
2026-01-15,Sidi Mohammed Ben Abdellah,974.788,967.446,99.2468
2026-01-15,Ain Kouachia,11.0,10.93,99.3636
2026-01-15,El Kansera,297.0,126.076,42.4500
2026-01-15,Garde de Sebou,40.0,37.380,93.4500
2026-01-15,Tiddas,507.0,88.471,17.4500
2026-01-15,Réserve totale,,1230.304,
2026-01-14,Sidi Mohammed Ben Abdellah,974.788,966.988,99.1998
2026-01-14,Ain Kouachia,11.0,10.84,98.5455
2026-01-14,El Kansera,297.0,125.820,42.3637
2026-01-14,Garde de Sebou,40.0,37.345,93.3637
2026-01-14,Tiddas,507.0,88.034,17.3637
2026-01-14,Réserve totale,,1229.027,
2026-01-13,Sidi Mohammed Ben Abdellah,974.788,967.446,99.2468
2026-01-13,Ain Kouachia,11.0,10.84,98.5455
2026-01-13,El Kansera,297.0,125.781,42.3505
2026-01-13,Garde de Sebou,40.0,37.340,93.3505
2026-01-13,Tiddas,507.0,87.967,17.3505
2026-01-13,Réserve totale,,1229.374,
2026-01-12,Sidi Mohammed Ben Abdellah,974.788,967.446,99.2468
2026-01-12,Ain Kouachia,11.0,10.84,98.5455
2026-01-12,El Kansera,297.0,125.583,42.2840
2026-01-12,Garde de Sebou,40.0,37.314,93.2840
2026-01-12,Tiddas,507.0,87.630,17.2840
2026-01-12,Réserve totale,,1228.813,
2026-01-11,Sidi Mohammed Ben Abdellah,974.788,966.988,99.1998
2026-01-11,Ain Kouachia,11.0,11.18,101.636
2026-01-11,El Kansera,297.0,125.267,42.1776
2026-01-11,Garde de Sebou,40.0,37.271,93.1776
2026-01-11,Tiddas,507.0,87.090,17.1776
2026-01-11,Réserve totale,,1227.797,
2026-01-10,Sidi Mohammed Ben Abdellah,974.788,966.531,99.1529
2026-01-10,Ain Kouachia,11.0,11.46,104.182
2026-01-10,El Kansera,297.0,125.275,42.1802
2026-01-10,Garde de Sebou,40.0,37.272,93.1802
2026-01-10,Tiddas,507.0,87.104,17.1802
2026-01-10,Réserve totale,,1227.642,
2026-01-09,Sidi Mohammed Ben Abdellah,974.788,966.073,99.106
2026-01-09,Ain Kouachia,11.0,11.74,106.727
2026-01-09,El Kansera,297.0,124.949,42.0702
2026-01-09,Garde de Sebou,40.0,37.228,93.0702
2026-01-09,Tiddas,507.0,86.546,17.0702
2026-01-09,Réserve totale,,1226.536,
2026-01-08,Sidi Mohammed Ben Abdellah,974.788,967.904,99.2938
2026-01-08,Ain Kouachia,11.0,12.03,109.364
2026-01-08,El Kansera,297.0,125.244,42.1697
2026-01-08,Garde de Sebou,40.0,37.268,93.1697
2026-01-08,Tiddas,507.0,87.050,17.1697
2026-01-08,Réserve totale,,1229.496,
2026-01-07,Sidi Mohammed Ben Abdellah,974.788,969.737,99.4818
2026-01-07,Ain Kouachia,11.0,12.25,111.364
2026-01-07,El Kansera,297.0,124.982,42.0815
2026-01-07,Garde de Sebou,40.0,37.233,93.0815
2026-01-07,Tiddas,507.0,86.603,17.0815
2026-01-07,Réserve totale,,1230.805,
2026-01-06,Sidi Mohammed Ben Abdellah,974.788,974.328,99.9528
2026-01-06,Ain Kouachia,11.0,12.47,113.364
2026-01-06,El Kansera,297.0,125.023,42.0954
2026-01-06,Garde de Sebou,40.0,37.238,93.0954
2026-01-06,Tiddas,507.0,86.674,17.0954
2026-01-06,Réserve totale,,1235.734,
2026-01-05,Sidi Mohammed Ben Abdellah,974.788,955.59,98.0305
2026-01-05,Ain Kouachia,11.0,11.49,104.455
2026-01-05,El Kansera,297.0,125.217,42.1606
2026-01-05,Garde de Sebou,40.0,37.264,93.1606
2026-01-05,Tiddas,507.0,87.004,17.1606
2026-01-05,Réserve totale,,1216.565,
2026-01-04,Sidi Mohammed Ben Abdellah,974.788,924.554,94.8467
2026-01-04,Ain Kouachia,11.0,11.11,101
2026-01-04,El Kansera,297.0,125.348,42.2046
2026-01-04,Garde de Sebou,40.0,37.282,93.2046
2026-01-04,Tiddas,507.0,87.228,17.2046
2026-01-04,Réserve totale,,1185.521,
2026-01-03,Sidi Mohammed Ben Abdellah,974.788,920.106,94.3904
2026-01-03,Ain Kouachia,11.0,10.96,99.6364
2026-01-03,El Kansera,297.0,125.460,42.2423
2026-01-03,Garde de Sebou,40.0,37.297,93.2423
2026-01-03,Tiddas,507.0,87.419,17.2423
2026-01-03,Réserve totale,,1181.241,
2026-01-02,Sidi Mohammed Ben Abdellah,974.788,919.218,94.2993
2026-01-02,Ain Kouachia,11.0,11.26,102.364
2026-01-02,El Kansera,297.0,124.887,42.0495
2026-01-02,Garde de Sebou,40.0,37.220,93.0495
2026-01-02,Tiddas,507.0,86.441,17.0495
2026-01-02,Réserve totale,,1179.026,
2026-01-01,Sidi Mohammed Ben Abdellah,974.788,917.886,94.1626
2026-01-01,Ain Kouachia,11.0,11.69,106.273
2026-01-01,El Kansera,297.0,125.013,42.0918
2026-01-01,Garde de Sebou,40.0,37.237,93.0918
2026-01-01,Tiddas,507.0,86.655,17.0918
2026-01-01,Réserve totale,,1178.481,
2025-12-31,Sidi Mohammed Ben Abdellah,974.788,916.556,94.0262
2025-12-31,Ain Kouachia,11.0,12.32,112
2025-12-31,El Kansera,297.0,124.699,41.9862
2025-12-31,Garde de Sebou,40.0,37.194,92.9862
2025-12-31,Tiddas,507.0,86.120,16.9862
2025-12-31,Réserve totale,,1176.889,
2025-12-30,Sidi Mohammed Ben Abdellah,974.788,920.106,94.3904
2025-12-30,Ain Kouachia,11.0,12.95,117.727
2025-12-30,El Kansera,297.0,124.486,41.9144
2025-12-30,Garde de Sebou,40.0,37.166,92.9144
2025-12-30,Tiddas,507.0,85.756,16.9144
2025-12-30,Réserve totale,,1180.464,
2025-12-29,Sidi Mohammed Ben Abdellah,974.788,899.796,92.3068
2025-12-29,Ain Kouachia,11.0,13.12,119.273
2025-12-29,El Kansera,297.0,124.520,41.9258
2025-12-29,Garde de Sebou,40.0,37.170,92.9258
2025-12-29,Tiddas,507.0,85.814,16.9258
2025-12-29,Réserve totale,,1160.420,
2025-12-28,Sidi Mohammed Ben Abdellah,974.788,868.052,89.0503
2025-12-28,Ain Kouachia,11.0,12.76,116
2025-12-28,El Kansera,297.0,124.702,41.9874
2025-12-28,Garde de Sebou,40.0,37.195,92.9874
2025-12-28,Tiddas,507.0,86.126,16.9874
2025-12-28,Réserve totale,,1128.835,
2025-12-27,Sidi Mohammed Ben Abdellah,974.788,853.894,87.5979
2025-12-27,Ain Kouachia,11.0,12.35,112.273
2025-12-27,El Kansera,297.0,124.610,41.9563
2025-12-27,Garde de Sebou,40.0,37.183,92.9563
2025-12-27,Tiddas,507.0,85.969,16.9563
2025-12-27,Réserve totale,,1114.005,
2025-12-26,Sidi Mohammed Ben Abdellah,974.788,847.085,86.8994
2025-12-26,Ain Kouachia,11.0,12.65,115
2025-12-26,El Kansera,297.0,124.038,41.7636
2025-12-26,Garde de Sebou,40.0,37.105,92.7636
2025-12-26,Tiddas,507.0,84.992,16.7636
2025-12-26,Réserve totale,,1105.870,
2025-12-25,Sidi Mohammed Ben Abdellah,974.788,826.884,84.8271
2025-12-25,Ain Kouachia,11.0,12.62,114.727
2025-12-25,El Kansera,297.0,124.239,41.8314
2025-12-25,Garde de Sebou,40.0,37.133,92.8314
2025-12-25,Tiddas,507.0,85.335,16.8314
2025-12-25,Réserve totale,,1086.211,
2025-12-24,Sidi Mohammed Ben Abdellah,974.788,807.858,82.8753
2025-12-24,Ain Kouachia,11.0,11.64,105.818
2025-12-24,El Kansera,297.0,123.864,41.7051
2025-12-24,Garde de Sebou,40.0,37.082,92.7051
2025-12-24,Tiddas,507.0,84.695,16.7051
2025-12-24,Réserve totale,,1065.139,
2025-12-23,Sidi Mohammed Ben Abdellah,974.788,792.397,81.2892
2025-12-23,Ain Kouachia,11.0,11.43,103.909
2025-12-23,El Kansera,297.0,123.606,41.6182
2025-12-23,Garde de Sebou,40.0,37.047,92.6182
2025-12-23,Tiddas,507.0,84.254,16.6182
2025-12-23,Réserve totale,,1048.735,
2025-12-22,Sidi Mohammed Ben Abdellah,974.788,777.575,79.7686
2025-12-22,Ain Kouachia,11.0,11.51,104.636
2025-12-22,El Kansera,297.0,123.357,41.5345
2025-12-22,Garde de Sebou,40.0,37.014,92.5345
2025-12-22,Tiddas,507.0,83.830,16.5345
2025-12-22,Réserve totale,,1033.286,
2025-12-21,Sidi Mohammed Ben Abdellah,974.788,771.239,79.1186
2025-12-21,Ain Kouachia,11.0,11.289,102.627
2025-12-21,El Kansera,297.0,122.970,41.4041
2025-12-21,Garde de Sebou,40.0,36.962,92.4041
2025-12-21,Tiddas,507.0,83.169,16.4041
2025-12-21,Réserve totale,,1025.629,
2025-12-20,Sidi Mohammed Ben Abdellah,974.788,769.662,78.9569
2025-12-20,Ain Kouachia,11.0,11.57,105.182
2025-12-20,El Kansera,297.0,123.213,41.4859
2025-12-20,Garde de Sebou,40.0,36.994,92.4859
2025-12-20,Tiddas,507.0,83.583,16.4859
2025-12-20,Réserve totale,,1025.023,
2025-12-19,Sidi Mohammed Ben Abdellah,974.788,767.301,78.7147
2025-12-19,Ain Kouachia,11.0,11.85,107.727
2025-12-19,El Kansera,297.0,123.190,41.4779
2025-12-19,Garde de Sebou,40.0,36.991,92.4779
2025-12-19,Tiddas,507.0,83.543,16.4779
2025-12-19,Réserve totale,,1022.875,
2025-12-18,Sidi Mohammed Ben Abdellah,974.788,759.479,77.9122
2025-12-18,Ain Kouachia,11.0,12.14,110.364
2025-12-18,El Kansera,297.0,122.736,41.3251
2025-12-18,Garde de Sebou,40.0,36.930,92.3251
2025-12-18,Tiddas,507.0,82.768,16.3251
2025-12-18,Réserve totale,,1014.053,
2025-12-17,Sidi Mohammed Ben Abdellah,974.788,715.481,73.3986
2025-12-17,Ain Kouachia,11.0,12.062,109.655
2025-12-17,El Kansera,297.0,122.571,41.2696
2025-12-17,Garde de Sebou,40.0,36.908,92.2696
2025-12-17,Tiddas,507.0,82.487,16.2696
2025-12-17,Réserve totale,,969.509,
2025-12-16,Sidi Mohammed Ben Abdellah,974.788,689.75,70.759
2025-12-16,Ain Kouachia,11.0,8.054,73.2182
2025-12-16,El Kansera,297.0,122.568,41.2686
2025-12-16,Garde de Sebou,40.0,36.907,92.2686
2025-12-16,Tiddas,507.0,82.482,16.2686
2025-12-16,Réserve totale,,939.761,
2025-12-15,Sidi Mohammed Ben Abdellah,974.788,690.12,70.7969
2025-12-15,Ain Kouachia,11.0,8.054,73.2182
2025-12-15,El Kansera,297.0,122.038,41.0902
2025-12-15,Garde de Sebou,40.0,36.836,92.0902
2025-12-15,Tiddas,507.0,81.577,16.0902
2025-12-15,Réserve totale,,938.625,
2025-12-14,Sidi Mohammed Ben Abdellah,974.788,690.12,70.7969
2025-12-14,Ain Kouachia,11.0,8.054,73.2182
2025-12-14,El Kansera,297.0,121.610,40.9461
2025-12-14,Garde de Sebou,40.0,36.778,91.9461
2025-12-14,Tiddas,507.0,80.847,15.9461
2025-12-14,Réserve totale,,937.409,
2025-12-13,Sidi Mohammed Ben Abdellah,974.788,689.75,70.759
2025-12-13,Ain Kouachia,11.0,8.054,73.2182
2025-12-13,El Kansera,297.0,121.275,40.8334
2025-12-13,Garde de Sebou,40.0,36.733,91.8334
2025-12-13,Tiddas,507.0,80.276,15.8334
2025-12-13,Réserve totale,,936.088,
2025-12-12,Sidi Mohammed Ben Abdellah,974.788,689.01,70.6831
2025-12-12,Ain Kouachia,11.0,8.041,73.1
2025-12-12,El Kansera,297.0,121.195,40.8064
2025-12-12,Garde de Sebou,40.0,36.723,91.8064
2025-12-12,Tiddas,507.0,80.139,15.8064
2025-12-12,Réserve totale,,935.107,
2025-12-11,Sidi Mohammed Ben Abdellah,974.788,688.641,70.6452
2025-12-11,Ain Kouachia,11.0,8.041,73.1
2025-12-11,El Kansera,297.0,120.888,40.7030
2025-12-11,Garde de Sebou,40.0,36.681,91.7030
2025-12-11,Tiddas,507.0,79.614,15.7030
2025-12-11,Réserve totale,,933.865,
2025-12-10,Sidi Mohammed Ben Abdellah,974.788,687.902,70.5694
2025-12-10,Ain Kouachia,11.0,8.041,73.1
2025-12-10,El Kansera,297.0,120.440,40.5523
2025-12-10,Garde de Sebou,40.0,36.621,91.5523
2025-12-10,Tiddas,507.0,78.850,15.5523
2025-12-10,Réserve totale,,931.855,
2025-12-09,Sidi Mohammed Ben Abdellah,974.788,687.533,70.5315
2025-12-09,Ain Kouachia,11.0,8.041,73.1
2025-12-09,El Kansera,297.0,120.308,40.5078
2025-12-09,Garde de Sebou,40.0,36.603,91.5078
2025-12-09,Tiddas,507.0,78.624,15.5078
2025-12-09,Réserve totale,,931.110,
2025-12-08,Sidi Mohammed Ben Abdellah,974.788,687.533,70.5315
2025-12-08,Ain Kouachia,11.0,8.041,73.1
2025-12-08,El Kansera,297.0,120.071,40.4279
2025-12-08,Garde de Sebou,40.0,36.571,91.4279
2025-12-08,Tiddas,507.0,78.219,15.4279
2025-12-08,Réserve totale,,930.435,
2025-12-07,Sidi Mohammed Ben Abdellah,974.788,687.163,70.4936
2025-12-07,Ain Kouachia,11.0,8.054,73.2182
2025-12-07,El Kansera,297.0,120.099,40.4373
2025-12-07,Garde de Sebou,40.0,36.575,91.4373
2025-12-07,Tiddas,507.0,78.267,15.4373
2025-12-07,Réserve totale,,930.158,
2025-12-06,Sidi Mohammed Ben Abdellah,974.788,686.794,70.4557
2025-12-06,Ain Kouachia,11.0,8.054,73.2182
2025-12-06,El Kansera,297.0,120.028,40.4133
2025-12-06,Garde de Sebou,40.0,36.565,91.4133
2025-12-06,Tiddas,507.0,78.146,15.4133
2025-12-06,Réserve totale,,929.587,
2025-12-05,Sidi Mohammed Ben Abdellah,974.788,686.056,70.38
2025-12-05,Ain Kouachia,11.0,8.054,73.2182
2025-12-05,El Kansera,297.0,119.525,40.2441
2025-12-05,Garde de Sebou,40.0,36.498,91.2441
2025-12-05,Tiddas,507.0,77.288,15.2441
2025-12-05,Réserve totale,,927.420,
2025-12-04,Sidi Mohammed Ben Abdellah,974.788,685.687,70.3422
2025-12-04,Ain Kouachia,11.0,8.054,73.2182
2025-12-04,El Kansera,297.0,119.101,40.1013
2025-12-04,Garde de Sebou,40.0,36.441,91.1013
2025-12-04,Tiddas,507.0,76.563,15.1013
2025-12-04,Réserve totale,,925.846,
2025-12-03,Sidi Mohammed Ben Abdellah,974.788,684.581,70.2287
2025-12-03,Ain Kouachia,11.0,8.054,73.2182
2025-12-03,El Kansera,297.0,118.706,39.9682
2025-12-03,Garde de Sebou,40.0,36.387,90.9682
2025-12-03,Tiddas,507.0,75.889,14.9682
2025-12-03,Réserve totale,,923.617,
2025-12-02,Sidi Mohammed Ben Abdellah,974.788,682.371,70.002
2025-12-02,Ain Kouachia,11.0,8.054,73.2182
2025-12-02,El Kansera,297.0,118.942,40.0480
2025-12-02,Garde de Sebou,40.0,36.419,91.0480
2025-12-02,Tiddas,507.0,76.293,15.0480
2025-12-02,Réserve totale,,922.080,
2025-12-01,Sidi Mohammed Ben Abdellah,974.788,673.191,69.0602
2025-12-01,Ain Kouachia,11.0,8.054,73.2182
2025-12-01,El Kansera,297.0,118.429,39.8749
2025-12-01,Garde de Sebou,40.0,36.350,90.8749
2025-12-01,Tiddas,507.0,75.416,14.8749
2025-12-01,Réserve totale,,911.439,
2025-11-30,Sidi Mohammed Ben Abdellah,974.788,671.361,68.8725
2025-11-30,Ain Kouachia,11.0,7.644,69.4909
2025-11-30,El Kansera,297.0,118.358,39.8511
2025-11-30,Garde de Sebou,40.0,36.340,90.8511
2025-11-30,Tiddas,507.0,75.295,14.8511
2025-11-30,Réserve totale,,908.998,
2025-11-29,Sidi Mohammed Ben Abdellah,974.788,670.995,68.835
2025-11-29,Ain Kouachia,11.0,7.644,69.4909
2025-11-29,El Kansera,297.0,118.145,39.7794
2025-11-29,Garde de Sebou,40.0,36.312,90.7794
2025-11-29,Tiddas,507.0,74.931,14.7794
2025-11-29,Réserve totale,,908.027,
2025-11-28,Sidi Mohammed Ben Abdellah,974.788,670.629,68.7974
2025-11-28,Ain Kouachia,11.0,7.644,69.4909
2025-11-28,El Kansera,297.0,118.303,39.8325
2025-11-28,Garde de Sebou,40.0,36.333,90.8325
2025-11-28,Tiddas,507.0,75.201,14.8325
2025-11-28,Réserve totale,,908.110,
2025-11-27,Sidi Mohammed Ben Abdellah,974.788,670.629,68.7974
2025-11-27,Ain Kouachia,11.0,7.657,69.6091
2025-11-27,El Kansera,297.0,118.237,39.8104
2025-11-27,Garde de Sebou,40.0,36.324,90.8104
2025-11-27,Tiddas,507.0,75.089,14.8104
2025-11-27,Réserve totale,,907.936,
2025-11-26,Sidi Mohammed Ben Abdellah,974.788,670.264,68.76
2025-11-26,Ain Kouachia,11.0,7.657,69.6091
2025-11-26,El Kansera,297.0,117.981,39.7242
2025-11-26,Garde de Sebou,40.0,36.290,90.7242
2025-11-26,Tiddas,507.0,74.652,14.7242
2025-11-26,Réserve totale,,906.843,
2025-11-25,Sidi Mohammed Ben Abdellah,974.788,669.898,68.7224
2025-11-25,Ain Kouachia,11.0,7.657,69.6091
2025-11-25,El Kansera,297.0,117.483,39.5565
2025-11-25,Garde de Sebou,40.0,36.223,90.5565
2025-11-25,Tiddas,507.0,73.801,14.5565
2025-11-25,Réserve totale,,905.062,
2025-11-24,Sidi Mohammed Ben Abdellah,974.788,669.533,68.685
2025-11-24,Ain Kouachia,11.0,7.657,69.6091
2025-11-24,El Kansera,297.0,117.121,39.4348
2025-11-24,Garde de Sebou,40.0,36.174,90.4348
2025-11-24,Tiddas,507.0,73.184,14.4348
2025-11-24,Réserve totale,,903.670,
2025-11-23,Sidi Mohammed Ben Abdellah,974.788,669.167,68.6474
2025-11-23,Ain Kouachia,11.0,7.67,69.7273
2025-11-23,El Kansera,297.0,116.744,39.3078
2025-11-23,Garde de Sebou,40.0,36.123,90.3078
2025-11-23,Tiddas,507.0,72.541,14.3078
2025-11-23,Réserve totale,,902.245,
2025-11-22,Sidi Mohammed Ben Abdellah,974.788,668.802,68.61
2025-11-22,Ain Kouachia,11.0,7.67,69.7273
2025-11-22,El Kansera,297.0,117.020,39.4008
2025-11-22,Garde de Sebou,40.0,36.160,90.4008
2025-11-22,Tiddas,507.0,73.012,14.4008
2025-11-22,Réserve totale,,902.665,
2025-11-21,Sidi Mohammed Ben Abdellah,974.788,668.802,68.61
2025-11-21,Ain Kouachia,11.0,7.683,69.8455
2025-11-21,El Kansera,297.0,116.921,39.3674
2025-11-21,Garde de Sebou,40.0,36.147,90.3674
2025-11-21,Tiddas,507.0,72.842,14.3674
2025-11-21,Réserve totale,,902.395,
2025-11-20,Sidi Mohammed Ben Abdellah,974.788,668.802,68.61
2025-11-20,Ain Kouachia,11.0,7.683,69.8455
2025-11-20,El Kansera,297.0,116.596,39.2578
2025-11-20,Garde de Sebou,40.0,36.103,90.2578
2025-11-20,Tiddas,507.0,72.287,14.2578
2025-11-20,Réserve totale,,901.470,
2025-11-19,Sidi Mohammed Ben Abdellah,974.788,666.611,68.3852
2025-11-19,Ain Kouachia,11.0,7.683,69.8455
2025-11-19,El Kansera,297.0,116.350,39.1752
2025-11-19,Garde de Sebou,40.0,36.070,90.1752
2025-11-19,Tiddas,507.0,71.868,14.1752
2025-11-19,Réserve totale,,898.582,
2025-11-18,Sidi Mohammed Ben Abdellah,974.788,660.43,67.7511
2025-11-18,Ain Kouachia,11.0,7.169,65.1727
2025-11-18,El Kansera,297.0,116.147,39.1068
2025-11-18,Garde de Sebou,40.0,36.043,90.1068
2025-11-18,Tiddas,507.0,71.522,14.1068
2025-11-18,Réserve totale,,891.311,
2025-11-17,Sidi Mohammed Ben Abdellah,974.788,657.898,67.4914
2025-11-17,Ain Kouachia,11.0,7.055,64.1364
2025-11-17,El Kansera,297.0,116.013,39.0617
2025-11-17,Garde de Sebou,40.0,36.025,90.0617
2025-11-17,Tiddas,507.0,71.293,14.0617
2025-11-17,Réserve totale,,888.284,
2025-11-16,Sidi Mohammed Ben Abdellah,974.788,658.982,67.6026
2025-11-16,Ain Kouachia,11.0,7.043,64.0273
2025-11-16,El Kansera,297.0,115.434,38.8665
2025-11-16,Garde de Sebou,40.0,35.947,89.8665
2025-11-16,Tiddas,507.0,70.303,13.8665
2025-11-16,Réserve totale,,887.708,
2025-11-15,Sidi Mohammed Ben Abdellah,974.788,660.068,67.714
2025-11-15,Ain Kouachia,11.0,7.043,64.0273
2025-11-15,El Kansera,297.0,115.127,38.7634
2025-11-15,Garde de Sebou,40.0,35.905,89.7634
2025-11-15,Tiddas,507.0,69.781,13.7634
2025-11-15,Réserve totale,,887.924,
2025-11-14,Sidi Mohammed Ben Abdellah,974.788,660.43,67.7511
2025-11-14,Ain Kouachia,11.0,6.994,63.5818
2025-11-14,El Kansera,297.0,114.893,38.6847
2025-11-14,Garde de Sebou,40.0,35.874,89.6847
2025-11-14,Tiddas,507.0,69.381,13.6847
2025-11-14,Réserve totale,,887.572,
2025-11-13,Sidi Mohammed Ben Abdellah,974.788,658.982,67.6026
2025-11-13,Ain Kouachia,11.0,6.712,61.0182
2025-11-13,El Kansera,297.0,114.478,38.5447
2025-11-13,Garde de Sebou,40.0,35.818,89.5447
2025-11-13,Tiddas,507.0,68.672,13.5447
2025-11-13,Réserve totale,,884.661,
2025-11-12,Sidi Mohammed Ben Abdellah,974.788,658.982,67.6026
2025-11-12,Ain Kouachia,11.0,6.724,61.1273
2025-11-12,El Kansera,297.0,114.659,38.6057
2025-11-12,Garde de Sebou,40.0,35.842,89.6057
2025-11-12,Tiddas,507.0,68.981,13.6057
2025-11-12,Réserve totale,,885.188,
2025-11-11,Sidi Mohammed Ben Abdellah,974.788,658.62,67.5655
2025-11-11,Ain Kouachia,11.0,6.724,61.1273
2025-11-11,El Kansera,297.0,114.629,38.5956
2025-11-11,Garde de Sebou,40.0,35.838,89.5956
2025-11-11,Tiddas,507.0,68.930,13.5956
2025-11-11,Réserve totale,,884.741,
2025-11-10,Sidi Mohammed Ben Abdellah,974.788,658.62,67.5655
2025-11-10,Ain Kouachia,11.0,6.736,61.2364
2025-11-10,El Kansera,297.0,114.111,38.4214
2025-11-10,Garde de Sebou,40.0,35.769,89.4214
2025-11-10,Tiddas,507.0,68.046,13.4214
2025-11-10,Réserve totale,,883.282,
2025-11-09,Sidi Mohammed Ben Abdellah,974.788,658.62,67.5655
2025-11-09,Ain Kouachia,11.0,6.749,61.3545
2025-11-09,El Kansera,297.0,113.708,38.2857
2025-11-09,Garde de Sebou,40.0,35.714,89.2857
2025-11-09,Tiddas,507.0,67.358,13.2857
2025-11-09,Réserve totale,,882.150,
2025-11-08,Sidi Mohammed Ben Abdellah,974.788,658.259,67.5284
2025-11-08,Ain Kouachia,11.0,6.761,61.4636
2025-11-08,El Kansera,297.0,113.597,38.2483
2025-11-08,Garde de Sebou,40.0,35.699,89.2483
2025-11-08,Tiddas,507.0,67.169,13.2483
2025-11-08,Réserve totale,,881.485,
2025-11-07,Sidi Mohammed Ben Abdellah,974.788,658.259,67.5284
2025-11-07,Ain Kouachia,11.0,6.761,61.4636
2025-11-07,El Kansera,297.0,113.743,38.2974
2025-11-07,Garde de Sebou,40.0,35.719,89.2974
2025-11-07,Tiddas,507.0,67.418,13.2974
2025-11-07,Réserve totale,,881.900,
2025-11-06,Sidi Mohammed Ben Abdellah,974.788,657.898,67.4914
2025-11-06,Ain Kouachia,11.0,6.773,61.5727
2025-11-06,El Kansera,297.0,113.205,38.1161
2025-11-06,Garde de Sebou,40.0,35.646,89.1161
2025-11-06,Tiddas,507.0,66.499,13.1161
2025-11-06,Réserve totale,,880.021,
2025-11-05,Sidi Mohammed Ben Abdellah,974.788,657.898,67.4914
2025-11-05,Ain Kouachia,11.0,6.773,61.5727
2025-11-05,El Kansera,297.0,112.782,37.9739
2025-11-05,Garde de Sebou,40.0,35.590,88.9739
2025-11-05,Tiddas,507.0,65.778,12.9739
2025-11-05,Réserve totale,,878.821,
2025-11-04,Sidi Mohammed Ben Abdellah,974.788,657.898,67.4914
2025-11-04,Ain Kouachia,11.0,6.773,61.5727
2025-11-04,El Kansera,297.0,112.632,37.9233
2025-11-04,Garde de Sebou,40.0,35.569,88.9233
2025-11-04,Tiddas,507.0,65.521,12.9233
2025-11-04,Réserve totale,,878.393,
2025-11-03,Sidi Mohammed Ben Abdellah,974.788,,
2025-11-03,Ain Kouachia,11.0,6.773,61.5727
2025-11-03,El Kansera,297.0,112.407,37.8474
2025-11-03,Garde de Sebou,40.0,35.539,88.8474
2025-11-03,Tiddas,507.0,65.136,12.8474
2025-11-03,Réserve totale,,219.855,
2025-11-02,Sidi Mohammed Ben Abdellah,974.788,657.536,67.4543
2025-11-02,Ain Kouachia,11.0,6.786,61.6909
2025-11-02,El Kansera,297.0,111.838,37.6560
2025-11-02,Garde de Sebou,40.0,35.462,88.6560
2025-11-02,Tiddas,507.0,64.166,12.6560
2025-11-02,Réserve totale,,875.788,
2025-11-01,Sidi Mohammed Ben Abdellah,974.788,657.536,67.4543
2025-11-01,Ain Kouachia,11.0,6.786,61.6909
2025-11-01,El Kansera,297.0,111.450,37.5252
2025-11-01,Garde de Sebou,40.0,35.410,88.5252
2025-11-01,Tiddas,507.0,63.503,12.5252
2025-11-01,Réserve totale,,874.685,
2025-10-31,Sidi Mohammed Ben Abdellah,974.788,657.175,67.4172
2025-10-31,Ain Kouachia,11.0,6.798,61.8
2025-10-31,El Kansera,297.0,111.061,37.3942
2025-10-31,Garde de Sebou,40.0,35.358,88.3942
2025-10-31,Tiddas,507.0,62.838,12.3942
2025-10-31,Réserve totale,,873.230,
2025-10-30,Sidi Mohammed Ben Abdellah,974.788,657.175,67.4172
2025-10-30,Ain Kouachia,11.0,6.798,61.8
2025-10-30,El Kansera,297.0,111.314,37.4795
2025-10-30,Garde de Sebou,40.0,35.392,88.4795
2025-10-30,Tiddas,507.0,63.271,12.4795
2025-10-30,Réserve totale,,873.950,
2025-10-29,Sidi Mohammed Ben Abdellah,974.788,656.815,67.3803
2025-10-29,Ain Kouachia,11.0,6.761,61.4636
2025-10-29,El Kansera,297.0,110.822,37.3139
2025-10-29,Garde de Sebou,40.0,35.326,88.3139
2025-10-29,Tiddas,507.0,62.431,12.3139
2025-10-29,Réserve totale,,872.155,
2025-10-28,Sidi Mohammed Ben Abdellah,974.788,656.815,67.3803
2025-10-28,Ain Kouachia,11.0,6.761,61.4636
2025-10-28,El Kansera,297.0,111.110,37.4109
2025-10-28,Garde de Sebou,40.0,35.364,88.4109
2025-10-28,Tiddas,507.0,62.923,12.4109
2025-10-28,Réserve totale,,872.974,
2025-10-27,Sidi Mohammed Ben Abdellah,974.788,656.454,67.3433
2025-10-27,Ain Kouachia,11.0,6.773,61.5727
2025-10-27,El Kansera,297.0,110.629,37.2488
2025-10-27,Garde de Sebou,40.0,35.300,88.2488
2025-10-27,Tiddas,507.0,62.101,12.2488
2025-10-27,Réserve totale,,871.257,
2025-10-26,Sidi Mohammed Ben Abdellah,974.788,656.454,67.3433
2025-10-26,Ain Kouachia,11.0,6.773,61.5727
2025-10-26,El Kansera,297.0,110.535,37.2171
2025-10-26,Garde de Sebou,40.0,35.287,88.2171
2025-10-26,Tiddas,507.0,61.941,12.2171
2025-10-26,Réserve totale,,870.990,
2025-10-25,Sidi Mohammed Ben Abdellah,974.788,656.093,67.3062
2025-10-25,Ain Kouachia,11.0,6.773,61.5727
2025-10-25,El Kansera,297.0,110.480,37.1985
2025-10-25,Garde de Sebou,40.0,35.279,88.1985
2025-10-25,Tiddas,507.0,61.846,12.1985
2025-10-25,Réserve totale,,870.471,
2025-10-24,Sidi Mohammed Ben Abdellah,974.788,656.093,67.3062
2025-10-24,Ain Kouachia,11.0,6.786,61.6909
2025-10-24,El Kansera,297.0,110.387,37.1675
2025-10-24,Garde de Sebou,40.0,35.267,88.1675
2025-10-24,Tiddas,507.0,61.689,12.1675
2025-10-24,Réserve totale,,870.222,
2025-10-23,Sidi Mohammed Ben Abdellah,974.788,655.733,67.2693
2025-10-23,Ain Kouachia,11.0,6.786,61.6909
2025-10-23,El Kansera,297.0,110.110,37.0740
2025-10-23,Garde de Sebou,40.0,35.230,88.0740
2025-10-23,Tiddas,507.0,61.215,12.0740
2025-10-23,Réserve totale,,869.074,
2025-10-22,Sidi Mohammed Ben Abdellah,974.788,655.733,67.2693
2025-10-22,Ain Kouachia,11.0,6.798,61.8
2025-10-22,El Kansera,297.0,109.775,36.9612
2025-10-22,Garde de Sebou,40.0,35.184,87.9612
2025-10-22,Tiddas,507.0,60.643,11.9612
2025-10-22,Réserve totale,,868.133,
2025-10-21,Sidi Mohammed Ben Abdellah,974.788,655.733,67.2693
2025-10-21,Ain Kouachia,11.0,6.81,61.9091
2025-10-21,El Kansera,297.0,109.352,36.8188
2025-10-21,Garde de Sebou,40.0,35.128,87.8188
2025-10-21,Tiddas,507.0,59.921,11.8188
2025-10-21,Réserve totale,,866.944,
2025-10-20,Sidi Mohammed Ben Abdellah,974.788,655.373,67.2324
2025-10-20,Ain Kouachia,11.0,6.81,61.9091
2025-10-20,El Kansera,297.0,108.909,36.6698
2025-10-20,Garde de Sebou,40.0,35.068,87.6698
2025-10-20,Tiddas,507.0,59.166,11.6698
2025-10-20,Réserve totale,,865.326,
2025-10-19,Sidi Mohammed Ben Abdellah,974.788,655.373,67.2324
2025-10-19,Ain Kouachia,11.0,6.822,62.0182
2025-10-19,El Kansera,297.0,108.940,36.6800
2025-10-19,Garde de Sebou,40.0,35.072,87.6800
2025-10-19,Tiddas,507.0,59.218,11.6800
2025-10-19,Réserve totale,,865.425,
2025-10-18,Sidi Mohammed Ben Abdellah,974.788,655.373,67.2324
2025-10-18,Ain Kouachia,11.0,6.822,62.0182
2025-10-18,El Kansera,297.0,108.619,36.5721
2025-10-18,Garde de Sebou,40.0,35.029,87.5721
2025-10-18,Tiddas,507.0,58.671,11.5721
2025-10-18,Réserve totale,,864.514,
2025-10-17,Sidi Mohammed Ben Abdellah,974.788,655.013,67.1954
2025-10-17,Ain Kouachia,11.0,6.822,62.0182
2025-10-17,El Kansera,297.0,108.775,36.6245
2025-10-17,Garde de Sebou,40.0,35.050,87.6245
2025-10-17,Tiddas,507.0,58.936,11.6245
2025-10-17,Réserve totale,,864.596,
2025-10-16,Sidi Mohammed Ben Abdellah,974.788,655.013,67.1954
2025-10-16,Ain Kouachia,11.0,6.835,62.1364
2025-10-16,El Kansera,297.0,108.196,36.4298
2025-10-16,Garde de Sebou,40.0,34.972,87.4298
2025-10-16,Tiddas,507.0,57.949,11.4298
2025-10-16,Réserve totale,,862.965,
2025-10-15,Sidi Mohammed Ben Abdellah,974.788,654.653,67.1585
2025-10-15,Ain Kouachia,11.0,6.847,62.2455
2025-10-15,El Kansera,297.0,107.841,36.3101
2025-10-15,Garde de Sebou,40.0,34.924,87.3101
2025-10-15,Tiddas,507.0,57.342,11.3101
2025-10-15,Réserve totale,,861.607,
2025-10-14,Sidi Mohammed Ben Abdellah,974.788,655.733,67.2693
2025-10-14,Ain Kouachia,11.0,6.847,62.2455
2025-10-14,El Kansera,297.0,108.035,36.3753
2025-10-14,Garde de Sebou,40.0,34.950,87.3753
2025-10-14,Tiddas,507.0,57.673,11.3753
2025-10-14,Réserve totale,,863.237,
2025-10-13,Sidi Mohammed Ben Abdellah,974.788,655.733,67.2693
2025-10-13,Ain Kouachia,11.0,6.847,62.2455
2025-10-13,El Kansera,297.0,107.580,36.2221
2025-10-13,Garde de Sebou,40.0,34.889,87.2221
2025-10-13,Tiddas,507.0,56.896,11.2221
2025-10-13,Réserve totale,,861.945,
2025-10-12,Sidi Mohammed Ben Abdellah,974.788,655.733,67.2693
2025-10-12,Ain Kouachia,11.0,6.859,62.3545
2025-10-12,El Kansera,297.0,107.518,36.2014
2025-10-12,Garde de Sebou,40.0,34.881,87.2014
2025-10-12,Tiddas,507.0,56.791,11.2014
2025-10-12,Réserve totale,,861.781,
2025-10-11,Sidi Mohammed Ben Abdellah,974.788,655.373,67.2324
2025-10-11,Ain Kouachia,11.0,6.859,62.3545
2025-10-11,El Kansera,297.0,107.152,36.0781
2025-10-11,Garde de Sebou,40.0,34.831,87.0781
2025-10-11,Tiddas,507.0,56.166,11.0781
2025-10-11,Réserve totale,,860.381,
2025-10-10,Sidi Mohammed Ben Abdellah,974.788,655.373,67.2324
2025-10-10,Ain Kouachia,11.0,6.871,62.4636
2025-10-10,El Kansera,297.0,107.246,36.1096
2025-10-10,Garde de Sebou,40.0,34.844,87.1096
2025-10-10,Tiddas,507.0,56.326,11.1096
2025-10-10,Réserve totale,,860.659,
2025-10-09,Sidi Mohammed Ben Abdellah,974.788,655.373,67.2324
2025-10-09,Ain Kouachia,11.0,6.884,62.5818
2025-10-09,El Kansera,297.0,106.740,35.9394
2025-10-09,Garde de Sebou,40.0,34.776,86.9394
2025-10-09,Tiddas,507.0,55.463,10.9394
2025-10-09,Réserve totale,,859.236,
2025-10-08,Sidi Mohammed Ben Abdellah,974.788,655.373,67.2324
2025-10-08,Ain Kouachia,11.0,6.884,62.5818
2025-10-08,El Kansera,297.0,106.288,35.7873
2025-10-08,Garde de Sebou,40.0,34.715,86.7873
2025-10-08,Tiddas,507.0,54.691,10.7873
2025-10-08,Réserve totale,,857.952,
2025-10-07,Sidi Mohammed Ben Abdellah,974.788,655.373,67.2324
2025-10-07,Ain Kouachia,11.0,6.896,62.6909
2025-10-07,El Kansera,297.0,105.727,35.5984
2025-10-07,Garde de Sebou,40.0,34.639,86.5984
2025-10-07,Tiddas,507.0,53.734,10.5984
2025-10-07,Réserve totale,,856.370,
2025-10-06,Sidi Mohammed Ben Abdellah,974.788,655.013,67.1954
2025-10-06,Ain Kouachia,11.0,6.896,62.6909
2025-10-06,El Kansera,297.0,105.651,35.5726
2025-10-06,Garde de Sebou,40.0,34.629,86.5726
2025-10-06,Tiddas,507.0,53.603,10.5726
2025-10-06,Réserve totale,,855.792,
2025-10-05,Sidi Mohammed Ben Abdellah,974.788,655.013,67.1954
2025-10-05,Ain Kouachia,11.0,6.908,62.8
2025-10-05,El Kansera,297.0,105.860,35.6430
2025-10-05,Garde de Sebou,40.0,34.657,86.6430
2025-10-05,Tiddas,507.0,53.960,10.6430
2025-10-05,Réserve totale,,856.398,
2025-10-04,Sidi Mohammed Ben Abdellah,974.788,655.013,67.1954
2025-10-04,Ain Kouachia,11.0,6.908,62.8
2025-10-04,El Kansera,297.0,105.943,35.6709
2025-10-04,Garde de Sebou,40.0,34.668,86.6709
2025-10-04,Tiddas,507.0,54.102,10.6709
2025-10-04,Réserve totale,,856.634,
2025-10-03,Sidi Mohammed Ben Abdellah,974.788,654.653,67.1585
2025-10-03,Ain Kouachia,11.0,6.92,62.9091
2025-10-03,El Kansera,297.0,105.480,35.5150
2025-10-03,Garde de Sebou,40.0,34.606,86.5150
2025-10-03,Tiddas,507.0,53.311,10.5150
2025-10-03,Réserve totale,,854.970,
2025-10-02,Sidi Mohammed Ben Abdellah,974.788,654.653,67.1585
2025-10-02,Ain Kouachia,11.0,6.92,62.9091
2025-10-02,El Kansera,297.0,104.898,35.3191
2025-10-02,Garde de Sebou,40.0,34.528,86.3191
2025-10-02,Tiddas,507.0,52.318,10.3191
2025-10-02,Réserve totale,,853.316,
2025-10-01,Sidi Mohammed Ben Abdellah,974.788,654.653,67.1585
2025-10-01,Ain Kouachia,11.0,6.933,63.0273
2025-10-01,El Kansera,297.0,104.742,35.2666
2025-10-01,Garde de Sebou,40.0,34.507,86.2666
2025-10-01,Tiddas,507.0,52.051,10.2666
2025-10-01,Réserve totale,,852.886,
2025-09-30,Sidi Mohammed Ben Abdellah,974.788,654.653,67.1585
2025-09-30,Ain Kouachia,11.0,6.945,63.1364
2025-09-30,El Kansera,297.0,104.166,35.0727
2025-09-30,Garde de Sebou,40.0,34.429,86.0727
2025-09-30,Tiddas,507.0,51.069,10.0727
2025-09-30,Réserve totale,,851.262,
2025-09-29,Sidi Mohammed Ben Abdellah,974.788,654.293,67.1216
2025-09-29,Ain Kouachia,11.0,6.945,63.1364
2025-09-29,El Kansera,297.0,104.210,35.0874
2025-09-29,Garde de Sebou,40.0,34.435,86.0874
2025-09-29,Tiddas,507.0,51.143,10.0874
2025-09-29,Réserve totale,,851.026,
2025-09-28,Sidi Mohammed Ben Abdellah,974.788,654.293,67.1216
2025-09-28,Ain Kouachia,11.0,6.957,63.2455
2025-09-28,El Kansera,297.0,103.985,35.0119
2025-09-28,Garde de Sebou,40.0,34.405,86.0119
2025-09-28,Tiddas,507.0,50.760,10.0119
2025-09-28,Réserve totale,,850.400,
2025-09-27,Sidi Mohammed Ben Abdellah,974.788,654.293,67.1216
2025-09-27,Ain Kouachia,11.0,6.957,63.2455
2025-09-27,El Kansera,297.0,103.470,34.8385
2025-09-27,Garde de Sebou,40.0,34.335,85.8385
2025-09-27,Tiddas,507.0,49.881,9.8385
2025-09-27,Réserve totale,,848.937,
2025-09-26,Sidi Mohammed Ben Abdellah,974.788,654.293,67.1216
2025-09-26,Ain Kouachia,11.0,6.969,63.3545
2025-09-26,El Kansera,297.0,103.541,34.8623
2025-09-26,Garde de Sebou,40.0,34.345,85.8623
2025-09-26,Tiddas,507.0,50.002,9.8623
2025-09-26,Réserve totale,,849.150,
2025-09-25,Sidi Mohammed Ben Abdellah,974.788,654.293,67.1216
2025-09-25,Ain Kouachia,11.0,6.982,63.4727
2025-09-25,El Kansera,297.0,103.495,34.8469
2025-09-25,Garde de Sebou,40.0,34.339,85.8469
2025-09-25,Tiddas,507.0,49.924,9.8469
2025-09-25,Réserve totale,,849.033,
2025-09-24,Sidi Mohammed Ben Abdellah,974.788,653.934,67.0847
2025-09-24,Ain Kouachia,11.0,6.994,63.5818
2025-09-24,El Kansera,297.0,103.611,34.8860
2025-09-24,Garde de Sebou,40.0,34.354,85.8860
2025-09-24,Tiddas,507.0,50.122,9.8860
2025-09-24,Réserve totale,,849.016,
2025-09-23,Sidi Mohammed Ben Abdellah,974.788,653.934,67.0847
2025-09-23,Ain Kouachia,11.0,7.006,63.6909
2025-09-23,El Kansera,297.0,103.342,34.7953
2025-09-23,Garde de Sebou,40.0,34.318,85.7953
2025-09-23,Tiddas,507.0,49.662,9.7953
2025-09-23,Réserve totale,,848.262,
2025-09-22,Sidi Mohammed Ben Abdellah,974.788,653.934,67.0847
2025-09-22,Ain Kouachia,11.0,7.006,63.6909
2025-09-22,El Kansera,297.0,102.778,34.6054
2025-09-22,Garde de Sebou,40.0,34.242,85.6054
2025-09-22,Tiddas,507.0,48.700,9.6054
2025-09-22,Réserve totale,,846.660,
2025-09-21,Sidi Mohammed Ben Abdellah,974.788,653.934,67.0847
2025-09-21,Ain Kouachia,11.0,7.018,63.8
2025-09-21,El Kansera,297.0,102.944,34.6614
2025-09-21,Garde de Sebou,40.0,34.265,85.6614
2025-09-21,Tiddas,507.0,48.983,9.6614
2025-09-21,Réserve totale,,847.144,
2025-09-20,Sidi Mohammed Ben Abdellah,974.788,653.934,67.0847
2025-09-20,Ain Kouachia,11.0,7.031,63.9182
2025-09-20,El Kansera,297.0,102.692,34.5764
2025-09-20,Garde de Sebou,40.0,34.231,85.5764
2025-09-20,Tiddas,507.0,48.552,9.5764
2025-09-20,Réserve totale,,846.440,
2025-09-19,Sidi Mohammed Ben Abdellah,974.788,653.934,67.0847
2025-09-19,Ain Kouachia,11.0,7.031,63.9182
2025-09-19,El Kansera,297.0,102.971,34.6703
2025-09-19,Garde de Sebou,40.0,34.268,85.6703
2025-09-19,Tiddas,507.0,49.028,9.6703
2025-09-19,Réserve totale,,847.232,
2025-09-18,Sidi Mohammed Ben Abdellah,974.788,653.934,67.0847
2025-09-18,Ain Kouachia,11.0,7.043,64.0273
2025-09-18,El Kansera,297.0,102.736,34.5914
2025-09-18,Garde de Sebou,40.0,34.237,85.5914
2025-09-18,Tiddas,507.0,48.628,9.5914
2025-09-18,Réserve totale,,846.578,
2025-09-17,Sidi Mohammed Ben Abdellah,974.788,653.934,67.0847
2025-09-17,Ain Kouachia,11.0,7.043,64.0273
2025-09-17,El Kansera,297.0,103.014,34.6847
2025-09-17,Garde de Sebou,40.0,34.274,85.6847
2025-09-17,Tiddas,507.0,49.101,9.6847
2025-09-17,Réserve totale,,847.366,
2025-09-16,Sidi Mohammed Ben Abdellah,974.788,653.574,67.0478
2025-09-16,Ain Kouachia,11.0,7.055,64.1364
2025-09-16,El Kansera,297.0,102.830,34.6229
2025-09-16,Garde de Sebou,40.0,34.249,85.6229
2025-09-16,Tiddas,507.0,48.788,9.6229
2025-09-16,Réserve totale,,846.496,
2025-09-15,Sidi Mohammed Ben Abdellah,974.788,653.574,67.0478
2025-09-15,Ain Kouachia,11.0,7.055,64.1364
2025-09-15,El Kansera,297.0,102.244,34.4255
2025-09-15,Garde de Sebou,40.0,34.170,85.4255
2025-09-15,Tiddas,507.0,47.788,9.4255
2025-09-15,Réserve totale,,844.831,
2025-09-14,Sidi Mohammed Ben Abdellah,974.788,653.574,67.0478
2025-09-14,Ain Kouachia,11.0,7.055,64.1364
2025-09-14,El Kansera,297.0,102.010,34.3469
2025-09-14,Garde de Sebou,40.0,34.139,85.3469
2025-09-14,Tiddas,507.0,47.389,9.3469
2025-09-14,Réserve totale,,844.167,
2025-09-13,Sidi Mohammed Ben Abdellah,974.788,653.574,67.0478
2025-09-13,Ain Kouachia,11.0,7.067,64.2455
2025-09-13,El Kansera,297.0,102.092,34.3744
2025-09-13,Garde de Sebou,40.0,34.150,85.3744
2025-09-13,Tiddas,507.0,47.528,9.3744
2025-09-13,Réserve totale,,844.411,
2025-09-12,Sidi Mohammed Ben Abdellah,974.788,653.574,67.0478
2025-09-12,Ain Kouachia,11.0,7.08,64.3636
2025-09-12,El Kansera,297.0,101.649,34.2254
2025-09-12,Garde de Sebou,40.0,34.090,85.2254
2025-09-12,Tiddas,507.0,46.773,9.2254
2025-09-12,Réserve totale,,843.166,
2025-09-11,Sidi Mohammed Ben Abdellah,974.788,653.574,67.0478
2025-09-11,Ain Kouachia,11.0,7.092,64.4727
2025-09-11,El Kansera,297.0,101.709,34.2455
2025-09-11,Garde de Sebou,40.0,34.098,85.2455
2025-09-11,Tiddas,507.0,46.875,9.2455
2025-09-11,Réserve totale,,843.348,
2025-09-10,Sidi Mohammed Ben Abdellah,974.788,653.574,67.0478
2025-09-10,Ain Kouachia,11.0,7.092,64.4727
2025-09-10,El Kansera,297.0,101.998,34.3428
2025-09-10,Garde de Sebou,40.0,34.137,85.3428
2025-09-10,Tiddas,507.0,47.368,9.3428
2025-09-10,Réserve totale,,844.169,
2025-09-09,Sidi Mohammed Ben Abdellah,974.788,653.574,67.0478
2025-09-09,Ain Kouachia,11.0,7.105,64.5909
2025-09-09,El Kansera,297.0,101.954,34.3279
2025-09-09,Garde de Sebou,40.0,34.131,85.3279
2025-09-09,Tiddas,507.0,47.292,9.3279
2025-09-09,Réserve totale,,844.056,
2025-09-08,Sidi Mohammed Ben Abdellah,974.788,653.574,67.0478
2025-09-08,Ain Kouachia,11.0,7.118,64.7091
2025-09-08,El Kansera,297.0,101.743,34.2570
2025-09-08,Garde de Sebou,40.0,34.103,85.2570
2025-09-08,Tiddas,507.0,46.933,9.2570
2025-09-08,Réserve totale,,843.471,
2025-09-07,Sidi Mohammed Ben Abdellah,974.788,653.215,67.011
2025-09-07,Ain Kouachia,11.0,7.131,64.8273
2025-09-07,El Kansera,297.0,101.797,34.2752
2025-09-07,Garde de Sebou,40.0,34.110,85.2752
2025-09-07,Tiddas,507.0,47.025,9.2752
2025-09-07,Réserve totale,,843.279,
2025-09-06,Sidi Mohammed Ben Abdellah,974.788,653.215,67.011
2025-09-06,Ain Kouachia,11.0,7.131,64.8273
2025-09-06,El Kansera,297.0,101.862,34.2970
2025-09-06,Garde de Sebou,40.0,34.119,85.2970
2025-09-06,Tiddas,507.0,47.136,9.2970
2025-09-06,Réserve totale,,843.463,
2025-09-05,Sidi Mohammed Ben Abdellah,974.788,652.856,66.9742
2025-09-05,Ain Kouachia,11.0,7.143,64.9364
2025-09-05,El Kansera,297.0,101.872,34.3002
2025-09-05,Garde de Sebou,40.0,34.120,85.3002
2025-09-05,Tiddas,507.0,47.152,9.3002
2025-09-05,Réserve totale,,843.143,
2025-09-04,Sidi Mohammed Ben Abdellah,974.788,652.856,66.9742
2025-09-04,Ain Kouachia,11.0,7.156,65.0545
2025-09-04,El Kansera,297.0,102.032,34.3542
2025-09-04,Garde de Sebou,40.0,34.142,85.3542
2025-09-04,Tiddas,507.0,47.426,9.3542
2025-09-04,Réserve totale,,843.611,
2025-09-03,Sidi Mohammed Ben Abdellah,974.788,652.856,66.9742
2025-09-03,Ain Kouachia,11.0,7.169,65.1727
2025-09-03,El Kansera,297.0,101.650,34.2256
2025-09-03,Garde de Sebou,40.0,34.090,85.2256
2025-09-03,Tiddas,507.0,46.774,9.2256
2025-09-03,Réserve totale,,842.539,
2025-09-02,Sidi Mohammed Ben Abdellah,974.788,652.856,66.9742
2025-09-02,Ain Kouachia,11.0,7.182,65.2909
2025-09-02,El Kansera,297.0,101.316,34.1130
2025-09-02,Garde de Sebou,40.0,34.045,85.1130
2025-09-02,Tiddas,507.0,46.203,9.1130
2025-09-02,Réserve totale,,841.602,
2025-09-01,Sidi Mohammed Ben Abdellah,974.788,652.856,66.9742
2025-09-01,Ain Kouachia,11.0,7.195,65.4091
2025-09-01,El Kansera,297.0,101.605,34.2103
2025-09-01,Garde de Sebou,40.0,34.084,85.2103
2025-09-01,Tiddas,507.0,46.696,9.2103
2025-09-01,Réserve totale,,842.436,
2025-08-31,Sidi Mohammed Ben Abdellah,974.788,652.856,66.9742
2025-08-31,Ain Kouachia,11.0,7.195,65.4091
2025-08-31,El Kansera,297.0,101.262,34.0951
2025-08-31,Garde de Sebou,40.0,34.038,85.0951
2025-08-31,Tiddas,507.0,46.112,9.0951
2025-08-31,Réserve totale,,841.464,
2025-08-30,Sidi Mohammed Ben Abdellah,974.788,652.856,66.9742
2025-08-30,Ain Kouachia,11.0,7.208,65.5273
2025-08-30,El Kansera,297.0,101.043,34.0213
2025-08-30,Garde de Sebou,40.0,34.009,85.0213
2025-08-30,Tiddas,507.0,45.738,9.0213
2025-08-30,Réserve totale,,840.854,
2025-08-29,Sidi Mohammed Ben Abdellah,974.788,653.215,67.011
2025-08-29,Ain Kouachia,11.0,7.22,65.6364
2025-08-29,El Kansera,297.0,100.875,33.9646
2025-08-29,Garde de Sebou,40.0,33.986,84.9646
2025-08-29,Tiddas,507.0,45.450,8.9646
2025-08-29,Réserve totale,,840.746,
2025-08-28,Sidi Mohammed Ben Abdellah,974.788,653.215,67.011
2025-08-28,Ain Kouachia,11.0,7.233,65.7545
2025-08-28,El Kansera,297.0,100.906,33.9752
2025-08-28,Garde de Sebou,40.0,33.990,84.9752
2025-08-28,Tiddas,507.0,45.504,8.9752
2025-08-28,Réserve totale,,840.849,
2025-08-27,Sidi Mohammed Ben Abdellah,974.788,653.215,67.011
2025-08-27,Ain Kouachia,11.0,7.246,65.8727
2025-08-27,El Kansera,297.0,100.402,33.8055
2025-08-27,Garde de Sebou,40.0,33.922,84.8055
2025-08-27,Tiddas,507.0,44.644,8.8055
2025-08-27,Réserve totale,,839.429,
2025-08-26,Sidi Mohammed Ben Abdellah,974.788,653.215,67.011
2025-08-26,Ain Kouachia,11.0,7.246,65.8727
2025-08-26,El Kansera,297.0,100.663,33.8934
2025-08-26,Garde de Sebou,40.0,33.957,84.8934
2025-08-26,Tiddas,507.0,45.090,8.8934
2025-08-26,Réserve totale,,840.171,
2025-08-25,Sidi Mohammed Ben Abdellah,974.788,652.856,66.9742
2025-08-25,Ain Kouachia,11.0,7.259,65.9909
2025-08-25,El Kansera,297.0,100.875,33.9645
2025-08-25,Garde de Sebou,40.0,33.986,84.9645
2025-08-25,Tiddas,507.0,45.450,8.9645
2025-08-25,Réserve totale,,840.425,
2025-08-24,Sidi Mohammed Ben Abdellah,974.788,652.856,66.9742
2025-08-24,Ain Kouachia,11.0,7.272,66.1091
2025-08-24,El Kansera,297.0,100.289,33.7673
2025-08-24,Garde de Sebou,40.0,33.907,84.7673
2025-08-24,Tiddas,507.0,44.450,8.7673
2025-08-24,Réserve totale,,838.774,
2025-08-23,Sidi Mohammed Ben Abdellah,974.788,652.856,66.9742
2025-08-23,Ain Kouachia,11.0,7.285,66.2273
2025-08-23,El Kansera,297.0,99.739,33.5821
2025-08-23,Garde de Sebou,40.0,33.833,84.5821
2025-08-23,Tiddas,507.0,43.511,8.5821
2025-08-23,Réserve totale,,837.224,
2025-08-22,Sidi Mohammed Ben Abdellah,974.788,652.856,66.9742
2025-08-22,Ain Kouachia,11.0,7.285,66.2273
2025-08-22,El Kansera,297.0,99.787,33.5985
2025-08-22,Garde de Sebou,40.0,33.839,84.5985
2025-08-22,Tiddas,507.0,43.594,8.5985
2025-08-22,Réserve totale,,837.362,
2025-08-21,Sidi Mohammed Ben Abdellah,974.788,652.856,66.9742
2025-08-21,Ain Kouachia,11.0,7.31,66.4545
2025-08-21,El Kansera,297.0,99.763,33.5901
2025-08-21,Garde de Sebou,40.0,33.836,84.5901
2025-08-21,Tiddas,507.0,43.552,8.5901
2025-08-21,Réserve totale,,837.317,
2025-08-20,Sidi Mohammed Ben Abdellah,974.788,652.856,66.9742
2025-08-20,Ain Kouachia,11.0,7.31,66.4545
2025-08-20,El Kansera,297.0,99.291,33.4314
2025-08-20,Garde de Sebou,40.0,33.773,84.4314
2025-08-20,Tiddas,507.0,42.747,8.4314
2025-08-20,Réserve totale,,835.977,
2025-08-19,Sidi Mohammed Ben Abdellah,974.788,652.856,66.9742
2025-08-19,Ain Kouachia,11.0,7.336,66.6909
2025-08-19,El Kansera,297.0,98.897,33.2987
2025-08-19,Garde de Sebou,40.0,33.719,84.2987
2025-08-19,Tiddas,507.0,42.074,8.2987
2025-08-19,Réserve totale,,834.883,
2025-08-18,Sidi Mohammed Ben Abdellah,974.788,652.856,66.9742
2025-08-18,Ain Kouachia,11.0,7.336,66.6909
2025-08-18,El Kansera,297.0,99.143,33.3816
2025-08-18,Garde de Sebou,40.0,33.753,84.3816
2025-08-18,Tiddas,507.0,42.495,8.3816
2025-08-18,Réserve totale,,835.582,
2025-08-17,Sidi Mohammed Ben Abdellah,974.788,652.856,66.9742
2025-08-17,Ain Kouachia,11.0,7.349,66.8091
2025-08-17,El Kansera,297.0,98.634,33.2101
2025-08-17,Garde de Sebou,40.0,33.684,84.2101
2025-08-17,Tiddas,507.0,41.625,8.2101
2025-08-17,Réserve totale,,834.148,
2025-08-16,Sidi Mohammed Ben Abdellah,974.788,652.856,66.9742
2025-08-16,Ain Kouachia,11.0,7.349,66.8091
2025-08-16,El Kansera,297.0,98.690,33.2291
2025-08-16,Garde de Sebou,40.0,33.692,84.2291
2025-08-16,Tiddas,507.0,41.721,8.2291
2025-08-16,Réserve totale,,834.308,
2025-08-15,Sidi Mohammed Ben Abdellah,974.788,652.856,66.9742
2025-08-15,Ain Kouachia,11.0,7.362,66.9273
2025-08-15,El Kansera,297.0,98.768,33.2551
2025-08-15,Garde de Sebou,40.0,33.702,84.2551
2025-08-15,Tiddas,507.0,41.854,8.2551
2025-08-15,Réserve totale,,834.541,
2025-08-14,Sidi Mohammed Ben Abdellah,974.788,652.856,66.9742
2025-08-14,Ain Kouachia,11.0,7.374,67.0364
2025-08-14,El Kansera,297.0,98.420,33.1381
2025-08-14,Garde de Sebou,40.0,33.655,84.1381
2025-08-14,Tiddas,507.0,41.260,8.1381
2025-08-14,Réserve totale,,833.566,
2025-08-13,Sidi Mohammed Ben Abdellah,974.788,652.856,66.9742
2025-08-13,Ain Kouachia,11.0,7.387,67.1545
2025-08-13,El Kansera,297.0,98.069,33.0198
2025-08-13,Garde de Sebou,40.0,33.608,84.0198
2025-08-13,Tiddas,507.0,40.661,8.0198
2025-08-13,Réserve totale,,832.580,
2025-08-12,Sidi Mohammed Ben Abdellah,974.788,652.856,66.9742
2025-08-12,Ain Kouachia,11.0,7.4,67.2727
2025-08-12,El Kansera,297.0,97.910,32.9662
2025-08-12,Garde de Sebou,40.0,33.586,83.9662
2025-08-12,Tiddas,507.0,40.388,7.9662
2025-08-12,Réserve totale,,832.140,
2025-08-11,Sidi Mohammed Ben Abdellah,974.788,652.856,66.9742
2025-08-11,Ain Kouachia,11.0,7.413,67.3909
2025-08-11,El Kansera,297.0,97.444,32.8094
2025-08-11,Garde de Sebou,40.0,33.524,83.8094
2025-08-11,Tiddas,507.0,39.594,7.8094
2025-08-11,Réserve totale,,830.830,
2025-08-10,Sidi Mohammed Ben Abdellah,974.788,652.856,66.9742
2025-08-10,Ain Kouachia,11.0,7.413,67.3909
2025-08-10,El Kansera,297.0,97.271,32.7513
2025-08-10,Garde de Sebou,40.0,33.501,83.7513
2025-08-10,Tiddas,507.0,39.299,7.7513
2025-08-10,Réserve totale,,830.340,
2025-08-09,Sidi Mohammed Ben Abdellah,974.788,652.856,66.9742
2025-08-09,Ain Kouachia,11.0,7.426,67.5091
2025-08-09,El Kansera,297.0,97.080,32.6868
2025-08-09,Garde de Sebou,40.0,33.475,83.6868
2025-08-09,Tiddas,507.0,38.972,7.6868
2025-08-09,Réserve totale,,829.809,
2025-08-08,Sidi Mohammed Ben Abdellah,974.788,652.856,66.9742
2025-08-08,Ain Kouachia,11.0,7.439,67.6273
2025-08-08,El Kansera,297.0,96.492,32.4889
2025-08-08,Garde de Sebou,40.0,33.396,83.4889
2025-08-08,Tiddas,507.0,37.969,7.4889
2025-08-08,Réserve totale,,828.152,
2025-08-07,Sidi Mohammed Ben Abdellah,974.788,653.215,67.011
2025-08-07,Ain Kouachia,11.0,7.452,67.7455
2025-08-07,El Kansera,297.0,96.634,32.5368
2025-08-07,Garde de Sebou,40.0,33.415,83.5368
2025-08-07,Tiddas,507.0,38.212,7.5368
2025-08-07,Réserve totale,,828.928,
2025-08-06,Sidi Mohammed Ben Abdellah,974.788,653.215,67.011
2025-08-06,Ain Kouachia,11.0,7.452,67.7455
2025-08-06,El Kansera,297.0,96.381,32.4514
2025-08-06,Garde de Sebou,40.0,33.381,83.4514
2025-08-06,Tiddas,507.0,37.779,7.4514
2025-08-06,Réserve totale,,828.207,
2025-08-05,Sidi Mohammed Ben Abdellah,974.788,653.215,67.011
2025-08-05,Ain Kouachia,11.0,7.464,67.8545
2025-08-05,El Kansera,297.0,95.943,32.3041
2025-08-05,Garde de Sebou,40.0,33.322,83.3041
2025-08-05,Tiddas,507.0,37.032,7.3041
2025-08-05,Réserve totale,,826.975,
2025-08-04,Sidi Mohammed Ben Abdellah,974.788,653.215,67.011
2025-08-04,Ain Kouachia,11.0,7.477,67.9727
2025-08-04,El Kansera,297.0,95.631,32.1990
2025-08-04,Garde de Sebou,40.0,33.280,83.1990
2025-08-04,Tiddas,507.0,36.499,7.1990
2025-08-04,Réserve totale,,826.101,
2025-08-03,Sidi Mohammed Ben Abdellah,974.788,653.215,67.011
2025-08-03,Ain Kouachia,11.0,7.49,68.0909
2025-08-03,El Kansera,297.0,95.453,32.1390
2025-08-03,Garde de Sebou,40.0,33.256,83.1390
2025-08-03,Tiddas,507.0,36.195,7.1390
2025-08-03,Réserve totale,,825.608,
2025-08-02,Sidi Mohammed Ben Abdellah,974.788,653.215,67.011
2025-08-02,Ain Kouachia,11.0,7.49,68.0909
2025-08-02,El Kansera,297.0,94.910,31.9562
2025-08-02,Garde de Sebou,40.0,33.182,82.9562
2025-08-02,Tiddas,507.0,35.268,6.9562
2025-08-02,Réserve totale,,824.066,
2025-08-01,Sidi Mohammed Ben Abdellah,974.788,653.215,67.011
2025-08-01,Ain Kouachia,11.0,7.503,68.2091
2025-08-01,El Kansera,297.0,95.084,32.0147
2025-08-01,Garde de Sebou,40.0,33.206,83.0147
2025-08-01,Tiddas,507.0,35.565,7.0147
2025-08-01,Réserve totale,,824.572,
2025-07-31,Sidi Mohammed Ben Abdellah,974.788,653.215,67.011
2025-07-31,Ain Kouachia,11.0,7.516,68.3273
2025-07-31,El Kansera,297.0,95.155,32.0388
2025-07-31,Garde de Sebou,40.0,33.216,83.0388
2025-07-31,Tiddas,507.0,35.687,7.0388
2025-07-31,Réserve totale,,824.789,
2025-07-30,Sidi Mohammed Ben Abdellah,974.788,653.215,67.011
2025-07-30,Ain Kouachia,11.0,7.529,68.4455
2025-07-30,El Kansera,297.0,94.728,31.8949
2025-07-30,Garde de Sebou,40.0,33.158,82.8949
2025-07-30,Tiddas,507.0,34.957,6.8949
2025-07-30,Réserve totale,,823.587,
2025-07-29,Sidi Mohammed Ben Abdellah,974.788,653.215,67.011
2025-07-29,Ain Kouachia,11.0,7.541,68.5545
2025-07-29,El Kansera,297.0,94.197,31.7162
2025-07-29,Garde de Sebou,40.0,33.086,82.7162
2025-07-29,Tiddas,507.0,34.051,6.7162
2025-07-29,Réserve totale,,822.091,
2025-07-28,Sidi Mohammed Ben Abdellah,974.788,653.574,67.0478
2025-07-28,Ain Kouachia,11.0,7.554,68.6727
2025-07-28,El Kansera,297.0,94.217,31.7230
2025-07-28,Garde de Sebou,40.0,33.089,82.7230
2025-07-28,Tiddas,507.0,34.086,6.7230
2025-07-28,Réserve totale,,822.520,
2025-07-27,Sidi Mohammed Ben Abdellah,974.788,653.934,67.0847
2025-07-27,Ain Kouachia,11.0,7.554,68.6727
2025-07-27,El Kansera,297.0,93.987,31.6453
2025-07-27,Garde de Sebou,40.0,33.058,82.6453
2025-07-27,Tiddas,507.0,33.692,6.6453
2025-07-27,Réserve totale,,822.224,
2025-07-26,Sidi Mohammed Ben Abdellah,974.788,654.653,67.1585
2025-07-26,Ain Kouachia,11.0,7.567,68.7909
2025-07-26,El Kansera,297.0,94.209,31.7201
2025-07-26,Garde de Sebou,40.0,33.088,82.7201
2025-07-26,Tiddas,507.0,34.071,6.7201
2025-07-26,Réserve totale,,823.588,
2025-07-25,Sidi Mohammed Ben Abdellah,974.788,655.013,67.1954
2025-07-25,Ain Kouachia,11.0,7.58,68.9091
2025-07-25,El Kansera,297.0,94.455,31.8029
2025-07-25,Garde de Sebou,40.0,33.121,82.8029
2025-07-25,Tiddas,507.0,34.491,6.8029
2025-07-25,Réserve totale,,824.659,
2025-07-24,Sidi Mohammed Ben Abdellah,974.788,655.373,67.2324
2025-07-24,Ain Kouachia,11.0,7.593,69.0273
2025-07-24,El Kansera,297.0,94.312,31.7550
2025-07-24,Garde de Sebou,40.0,33.102,82.7550
2025-07-24,Tiddas,507.0,34.248,6.7550
2025-07-24,Réserve totale,,824.628,
2025-07-23,Sidi Mohammed Ben Abdellah,974.788,655.373,67.2324
2025-07-23,Ain Kouachia,11.0,7.606,69.1455
2025-07-23,El Kansera,297.0,94.260,31.7373
2025-07-23,Garde de Sebou,40.0,33.095,82.7373
2025-07-23,Tiddas,507.0,34.158,6.7373
2025-07-23,Réserve totale,,824.492,
2025-07-22,Sidi Mohammed Ben Abdellah,974.788,655.373,67.2324
2025-07-22,Ain Kouachia,11.0,7.606,69.1455
2025-07-22,El Kansera,297.0,94.062,31.6707
2025-07-22,Garde de Sebou,40.0,33.068,82.6707
2025-07-22,Tiddas,507.0,33.820,6.6707
2025-07-22,Réserve totale,,823.930,
2025-07-21,Sidi Mohammed Ben Abdellah,974.788,655.373,67.2324
2025-07-21,Ain Kouachia,11.0,7.618,69.2545
2025-07-21,El Kansera,297.0,93.711,31.5526
2025-07-21,Garde de Sebou,40.0,33.021,82.5526
2025-07-21,Tiddas,507.0,33.222,6.5526
2025-07-21,Réserve totale,,822.945,
2025-07-20,Sidi Mohammed Ben Abdellah,974.788,655.373,67.2324
2025-07-20,Ain Kouachia,11.0,7.631,69.3727
2025-07-20,El Kansera,297.0,93.286,31.4095
2025-07-20,Garde de Sebou,40.0,32.964,82.4095
2025-07-20,Tiddas,507.0,32.496,6.4095
2025-07-20,Réserve totale,,821.751,
2025-07-19,Sidi Mohammed Ben Abdellah,974.788,655.373,67.2324
2025-07-19,Ain Kouachia,11.0,7.644,69.4909
2025-07-19,El Kansera,297.0,93.098,31.3462
2025-07-19,Garde de Sebou,40.0,32.938,82.3462
2025-07-19,Tiddas,507.0,32.175,6.3462
2025-07-19,Réserve totale,,821.229,
2025-07-18,Sidi Mohammed Ben Abdellah,974.788,655.373,67.2324
2025-07-18,Ain Kouachia,11.0,7.657,69.6091
2025-07-18,El Kansera,297.0,92.895,31.2779
2025-07-18,Garde de Sebou,40.0,32.911,82.2779
2025-07-18,Tiddas,507.0,31.829,6.2779
2025-07-18,Réserve totale,,820.665,
2025-07-17,Sidi Mohammed Ben Abdellah,974.788,655.373,67.2324
2025-07-17,Ain Kouachia,11.0,7.67,69.7273
2025-07-17,El Kansera,297.0,92.691,31.2091
2025-07-17,Garde de Sebou,40.0,32.884,82.2091
2025-07-17,Tiddas,507.0,31.480,6.2091
2025-07-17,Réserve totale,,820.098,
2025-07-16,Sidi Mohammed Ben Abdellah,974.788,655.733,67.2693
2025-07-16,Ain Kouachia,11.0,7.683,69.8455
2025-07-16,El Kansera,297.0,92.189,31.0399
2025-07-16,Garde de Sebou,40.0,32.816,82.0399
2025-07-16,Tiddas,507.0,30.622,6.0399
2025-07-16,Réserve totale,,819.043,
2025-07-15,Sidi Mohammed Ben Abdellah,974.788,655.733,67.2693
2025-07-15,Ain Kouachia,11.0,7.683,69.8455
2025-07-15,El Kansera,297.0,92.060,30.9968
2025-07-15,Garde de Sebou,40.0,32.799,81.9968
2025-07-15,Tiddas,507.0,30.404,5.9968
2025-07-15,Réserve totale,,818.679,
2025-07-14,Sidi Mohammed Ben Abdellah,974.788,655.733,67.2693
2025-07-14,Ain Kouachia,11.0,7.695,69.9545
2025-07-14,El Kansera,297.0,92.138,31.0227
2025-07-14,Garde de Sebou,40.0,32.809,82.0227
2025-07-14,Tiddas,507.0,30.535,6.0227
2025-07-14,Réserve totale,,818.910,
2025-07-13,Sidi Mohammed Ben Abdellah,974.788,655.733,67.2693
2025-07-13,Ain Kouachia,11.0,7.708,70.0727
2025-07-13,El Kansera,297.0,92.007,30.9789
2025-07-13,Garde de Sebou,40.0,32.792,81.9789
2025-07-13,Tiddas,507.0,30.313,5.9789
2025-07-13,Réserve totale,,818.553,
2025-07-12,Sidi Mohammed Ben Abdellah,974.788,655.733,67.2693
2025-07-12,Ain Kouachia,11.0,7.708,70.0727
2025-07-12,El Kansera,297.0,91.592,30.8392
2025-07-12,Garde de Sebou,40.0,32.736,81.8392
2025-07-12,Tiddas,507.0,29.605,5.8392
2025-07-12,Réserve totale,,817.374,
2025-07-11,Sidi Mohammed Ben Abdellah,974.788,655.733,67.2693
2025-07-11,Ain Kouachia,11.0,7.734,70.3091
2025-07-11,El Kansera,297.0,91.834,30.9206
2025-07-11,Garde de Sebou,40.0,32.768,81.9206
2025-07-11,Tiddas,507.0,30.017,5.9206
2025-07-11,Réserve totale,,818.086,
2025-07-10,Sidi Mohammed Ben Abdellah,974.788,655.733,67.2693
2025-07-10,Ain Kouachia,11.0,7.747,70.4273
2025-07-10,El Kansera,297.0,91.682,30.8694
2025-07-10,Garde de Sebou,40.0,32.748,81.8694
2025-07-10,Tiddas,507.0,29.758,5.8694
2025-07-10,Réserve totale,,817.668,
2025-07-09,Sidi Mohammed Ben Abdellah,974.788,655.733,67.2693
2025-07-09,Ain Kouachia,11.0,7.761,70.5545
2025-07-09,El Kansera,297.0,91.675,30.8670
2025-07-09,Garde de Sebou,40.0,32.747,81.8670
2025-07-09,Tiddas,507.0,29.746,5.8670
2025-07-09,Réserve totale,,817.661,
2025-07-08,Sidi Mohammed Ben Abdellah,974.788,655.733,67.2693
2025-07-08,Ain Kouachia,11.0,7.774,70.6727
2025-07-08,El Kansera,297.0,91.575,30.8333
2025-07-08,Garde de Sebou,40.0,32.733,81.8333
2025-07-08,Tiddas,507.0,29.575,5.8333
2025-07-08,Réserve totale,,817.390,
2025-07-07,Sidi Mohammed Ben Abdellah,974.788,655.733,67.2693
2025-07-07,Ain Kouachia,11.0,7.787,70.7909
2025-07-07,El Kansera,297.0,91.675,30.8670
2025-07-07,Garde de Sebou,40.0,32.747,81.8670
2025-07-07,Tiddas,507.0,29.746,5.8670
2025-07-07,Réserve totale,,817.688,
2025-07-06,Sidi Mohammed Ben Abdellah,974.788,655.733,67.2693
2025-07-06,Ain Kouachia,11.0,7.801,70.9182
2025-07-06,El Kansera,297.0,91.203,30.7081
2025-07-06,Garde de Sebou,40.0,32.683,81.7081
2025-07-06,Tiddas,507.0,28.940,5.7081
2025-07-06,Réserve totale,,816.360,
2025-07-05,Sidi Mohammed Ben Abdellah,974.788,656.093,67.3062
2025-07-05,Ain Kouachia,11.0,7.801,70.9182
2025-07-05,El Kansera,297.0,91.009,30.6429
2025-07-05,Garde de Sebou,40.0,32.657,81.6429
2025-07-05,Tiddas,507.0,28.610,5.6429
2025-07-05,Réserve totale,,816.170,
2025-07-04,Sidi Mohammed Ben Abdellah,974.788,656.093,67.3062
2025-07-04,Ain Kouachia,11.0,7.827,71.1545
2025-07-04,El Kansera,297.0,90.544,30.4862
2025-07-04,Garde de Sebou,40.0,32.594,81.4862
2025-07-04,Tiddas,507.0,27.815,5.4862
2025-07-04,Réserve totale,,814.874,
2025-07-03,Sidi Mohammed Ben Abdellah,974.788,656.093,67.3062
2025-07-03,Ain Kouachia,11.0,7.827,71.1545
2025-07-03,El Kansera,297.0,90.158,30.3564
2025-07-03,Garde de Sebou,40.0,32.543,81.3564
2025-07-03,Tiddas,507.0,27.157,5.3564
2025-07-03,Réserve totale,,813.778,
2025-07-02,Sidi Mohammed Ben Abdellah,974.788,656.093,67.3062
2025-07-02,Ain Kouachia,11.0,7.841,71.2818
2025-07-02,El Kansera,297.0,90.419,30.4439
2025-07-02,Garde de Sebou,40.0,32.578,81.4439
2025-07-02,Tiddas,507.0,27.601,5.4439
2025-07-02,Réserve totale,,814.531,
2025-07-01,Sidi Mohammed Ben Abdellah,974.788,656.093,67.3062
2025-07-01,Ain Kouachia,11.0,7.854,71.4
2025-07-01,El Kansera,297.0,90.070,30.3266
2025-07-01,Garde de Sebou,40.0,32.531,81.3266
2025-07-01,Tiddas,507.0,27.006,5.3266
2025-07-01,Réserve totale,,813.553,
2025-06-30,Sidi Mohammed Ben Abdellah,974.788,656.093,67.3062
2025-06-30,Ain Kouachia,11.0,7.867,71.5182
2025-06-30,El Kansera,297.0,89.891,30.2662
2025-06-30,Garde de Sebou,40.0,32.506,81.2662
2025-06-30,Tiddas,507.0,26.700,5.2662
2025-06-30,Réserve totale,,813.057,
2025-06-29,Sidi Mohammed Ben Abdellah,974.788,656.093,67.3062
2025-06-29,Ain Kouachia,11.0,7.881,71.6455
2025-06-29,El Kansera,297.0,89.603,30.1694
2025-06-29,Garde de Sebou,40.0,32.468,81.1694
2025-06-29,Tiddas,507.0,26.209,5.1694
2025-06-29,Réserve totale,,812.253,
2025-06-28,Sidi Mohammed Ben Abdellah,974.788,655.733,67.2693
2025-06-28,Ain Kouachia,11.0,7.894,71.7636
2025-06-28,El Kansera,297.0,89.284,30.0618
2025-06-28,Garde de Sebou,40.0,32.425,81.0618
2025-06-28,Tiddas,507.0,25.664,5.0618
2025-06-28,Réserve totale,,810.999,
2025-06-27,Sidi Mohammed Ben Abdellah,974.788,655.733,67.2693
2025-06-27,Ain Kouachia,11.0,7.814,71.0364
2025-06-27,El Kansera,297.0,89.546,30.1502
2025-06-27,Garde de Sebou,40.0,32.460,81.1502
2025-06-27,Tiddas,507.0,26.112,5.1502
2025-06-27,Réserve totale,,811.665,
2025-06-26,Sidi Mohammed Ben Abdellah,974.788,655.733,67.2693
2025-06-26,Ain Kouachia,11.0,7.814,71.0364
2025-06-26,El Kansera,297.0,89.726,30.2109
2025-06-26,Garde de Sebou,40.0,32.484,81.2109
2025-06-26,Tiddas,507.0,26.419,5.2109
2025-06-26,Réserve totale,,812.177,
2025-06-25,Sidi Mohammed Ben Abdellah,974.788,655.733,67.2693
2025-06-25,Ain Kouachia,11.0,7.827,71.1545
2025-06-25,El Kansera,297.0,89.520,30.1414
2025-06-25,Garde de Sebou,40.0,32.457,81.1414
2025-06-25,Tiddas,507.0,26.067,5.1414
2025-06-25,Réserve totale,,811.603,
2025-06-24,Sidi Mohammed Ben Abdellah,974.788,655.733,67.2693
2025-06-24,Ain Kouachia,11.0,7.841,71.2818
2025-06-24,El Kansera,297.0,89.247,30.0497
2025-06-24,Garde de Sebou,40.0,32.420,81.0497
2025-06-24,Tiddas,507.0,25.602,5.0497
2025-06-24,Réserve totale,,810.843,
2025-06-23,Sidi Mohammed Ben Abdellah,974.788,655.733,67.2693
2025-06-23,Ain Kouachia,11.0,7.854,71.4
2025-06-23,El Kansera,297.0,88.854,29.9172
2025-06-23,Garde de Sebou,40.0,32.367,80.9172
2025-06-23,Tiddas,507.0,24.930,4.9172
2025-06-23,Réserve totale,,809.738,
2025-06-22,Sidi Mohammed Ben Abdellah,974.788,656.454,67.3433
2025-06-22,Ain Kouachia,11.0,7.854,71.4
2025-06-22,El Kansera,297.0,88.869,29.9221
2025-06-22,Garde de Sebou,40.0,32.369,80.9221
2025-06-22,Tiddas,507.0,24.955,4.9221
2025-06-22,Réserve totale,,810.501,
2025-06-21,Sidi Mohammed Ben Abdellah,974.788,657.536,67.4543
2025-06-21,Ain Kouachia,11.0,7.867,71.5182
2025-06-21,El Kansera,297.0,88.746,29.8808
2025-06-21,Garde de Sebou,40.0,32.352,80.8808
2025-06-21,Tiddas,507.0,24.746,4.8808
2025-06-21,Réserve totale,,811.247,
2025-06-20,Sidi Mohammed Ben Abdellah,974.788,658.62,67.5655
2025-06-20,Ain Kouachia,11.0,7.881,71.6455
2025-06-20,El Kansera,297.0,88.963,29.9539
2025-06-20,Garde de Sebou,40.0,32.382,80.9539
2025-06-20,Tiddas,507.0,25.116,4.9539
2025-06-20,Réserve totale,,812.962,
2025-06-19,Sidi Mohammed Ben Abdellah,974.788,660.068,67.714
2025-06-19,Ain Kouachia,11.0,7.894,71.7636
2025-06-19,El Kansera,297.0,89.185,30.0286
2025-06-19,Garde de Sebou,40.0,32.411,81.0286
2025-06-19,Tiddas,507.0,25.495,5.0286
2025-06-19,Réserve totale,,815.054,
2025-06-18,Sidi Mohammed Ben Abdellah,974.788,661.518,67.8628
2025-06-18,Ain Kouachia,11.0,7.894,71.7636
2025-06-18,El Kansera,297.0,88.901,29.9328
2025-06-18,Garde de Sebou,40.0,32.373,80.9328
2025-06-18,Tiddas,507.0,25.009,4.9328
2025-06-18,Réserve totale,,815.695,
2025-06-17,Sidi Mohammed Ben Abdellah,974.788,662.97,68.0117
2025-06-17,Ain Kouachia,11.0,7.921,72.0091
2025-06-17,El Kansera,297.0,88.365,29.7526
2025-06-17,Garde de Sebou,40.0,32.301,80.7526
2025-06-17,Tiddas,507.0,24.096,4.7526
2025-06-17,Réserve totale,,815.653,
2025-06-16,Sidi Mohammed Ben Abdellah,974.788,662.97,68.0117
2025-06-16,Ain Kouachia,11.0,7.934,72.1273
2025-06-16,El Kansera,297.0,88.306,29.7328
2025-06-16,Garde de Sebou,40.0,32.293,80.7328
2025-06-16,Tiddas,507.0,23.995,4.7328
2025-06-16,Réserve totale,,815.499,
2025-06-15,Sidi Mohammed Ben Abdellah,974.788,662.97,68.0117
2025-06-15,Ain Kouachia,11.0,8.947,81.3364
2025-06-15,El Kansera,297.0,88.367,29.7531
2025-06-15,Garde de Sebou,40.0,32.301,80.7531
2025-06-15,Tiddas,507.0,24.098,4.7531
2025-06-15,Réserve totale,,816.683,
2025-06-14,Sidi Mohammed Ben Abdellah,974.788,662.97,68.0117
2025-06-14,Ain Kouachia,11.0,8.947,81.3364
2025-06-14,El Kansera,297.0,87.967,29.6185
2025-06-14,Garde de Sebou,40.0,32.247,80.6185
2025-06-14,Tiddas,507.0,23.416,4.6185
2025-06-14,Réserve totale,,815.547,
2025-06-13,Sidi Mohammed Ben Abdellah,974.788,662.97,68.0117
2025-06-13,Ain Kouachia,11.0,8.947,81.3364
2025-06-13,El Kansera,297.0,88.172,29.6876
2025-06-13,Garde de Sebou,40.0,32.275,80.6876
2025-06-13,Tiddas,507.0,23.766,4.6876
2025-06-13,Réserve totale,,816.130,
2025-06-12,Sidi Mohammed Ben Abdellah,974.788,662.97,68.0117
2025-06-12,Ain Kouachia,11.0,8.947,81.3364
2025-06-12,El Kansera,297.0,87.900,29.5961
2025-06-12,Garde de Sebou,40.0,32.238,80.5961
2025-06-12,Tiddas,507.0,23.302,4.5961
2025-06-12,Réserve totale,,815.358,
2025-06-11,Sidi Mohammed Ben Abdellah,974.788,662.606,67.9744
2025-06-11,Ain Kouachia,11.0,7.961,72.3727
2025-06-11,El Kansera,297.0,88.102,29.6640
2025-06-11,Garde de Sebou,40.0,32.266,80.6640
2025-06-11,Tiddas,507.0,23.646,4.6640
2025-06-11,Réserve totale,,814.581,
2025-06-10,Sidi Mohammed Ben Abdellah,974.788,662.606,67.9744
2025-06-10,Ain Kouachia,11.0,8.961,81.4636
2025-06-10,El Kansera,297.0,88.204,29.6982
2025-06-10,Garde de Sebou,40.0,32.279,80.6982
2025-06-10,Tiddas,507.0,23.820,4.6982
2025-06-10,Réserve totale,,815.870,
2025-06-09,Sidi Mohammed Ben Abdellah,974.788,662.606,67.9744
2025-06-09,Ain Kouachia,11.0,8.961,81.4636
2025-06-09,El Kansera,297.0,87.772,29.5528
2025-06-09,Garde de Sebou,40.0,32.221,80.5528
2025-06-09,Tiddas,507.0,23.083,4.5528
2025-06-09,Réserve totale,,814.642,
2025-06-08,Sidi Mohammed Ben Abdellah,974.788,662.606,67.9744
2025-06-08,Ain Kouachia,11.0,8.974,81.5818
2025-06-08,El Kansera,297.0,87.438,29.4405
2025-06-08,Garde de Sebou,40.0,32.176,80.4405
2025-06-08,Tiddas,507.0,22.514,4.4405
2025-06-08,Réserve totale,,813.708,
2025-06-07,Sidi Mohammed Ben Abdellah,974.788,662.243,67.9371
2025-06-07,Ain Kouachia,11.0,8.987,81.7
2025-06-07,El Kansera,297.0,87.578,29.4874
2025-06-07,Garde de Sebou,40.0,32.195,80.4874
2025-06-07,Tiddas,507.0,22.751,4.4874
2025-06-07,Réserve totale,,813.753,
2025-06-06,Sidi Mohammed Ben Abdellah,974.788,662.243,67.9371
2025-06-06,Ain Kouachia,11.0,8.001,72.7364
2025-06-06,El Kansera,297.0,87.339,29.4070
2025-06-06,Garde de Sebou,40.0,32.163,80.4070
2025-06-06,Tiddas,507.0,22.344,4.4070
2025-06-06,Réserve totale,,812.089,
2025-06-05,Sidi Mohammed Ben Abdellah,974.788,661.88,67.8999
2025-06-05,Ain Kouachia,11.0,8.014,72.8545
2025-06-05,El Kansera,297.0,86.750,29.2086
2025-06-05,Garde de Sebou,40.0,32.083,80.2086
2025-06-05,Tiddas,507.0,21.338,4.2086
2025-06-05,Réserve totale,,810.065,
2025-06-04,Sidi Mohammed Ben Abdellah,974.788,661.88,67.8999
2025-06-04,Ain Kouachia,11.0,8.041,73.1
2025-06-04,El Kansera,297.0,86.954,29.2775
2025-06-04,Garde de Sebou,40.0,32.111,80.2775
2025-06-04,Tiddas,507.0,21.687,4.2775
2025-06-04,Réserve totale,,810.673,
2025-06-03,Sidi Mohammed Ben Abdellah,974.788,661.88,67.8999
2025-06-03,Ain Kouachia,11.0,8.054,73.2182
2025-06-03,El Kansera,297.0,86.593,29.1560
2025-06-03,Garde de Sebou,40.0,32.062,80.1560
2025-06-03,Tiddas,507.0,21.071,4.1560
2025-06-03,Réserve totale,,809.661,
2025-06-02,Sidi Mohammed Ben Abdellah,974.788,661.88,67.8999
2025-06-02,Ain Kouachia,11.0,8.054,73.2182
2025-06-02,El Kansera,297.0,86.763,29.2132
2025-06-02,Garde de Sebou,40.0,32.085,80.2132
2025-06-02,Tiddas,507.0,21.361,4.2132
2025-06-02,Réserve totale,,810.143,
2025-06-01,Sidi Mohammed Ben Abdellah,974.788,661.518,67.8628
2025-06-01,Ain Kouachia,11.0,8.054,73.2182
2025-06-01,El Kansera,297.0,86.627,29.1673
2025-06-01,Garde de Sebou,40.0,32.067,80.1673
2025-06-01,Tiddas,507.0,21.128,4.1673
2025-06-01,Réserve totale,,809.394,
2025-05-31,Sidi Mohammed Ben Abdellah,974.788,661.155,67.8255
2025-05-31,Ain Kouachia,11.0,8.068,73.3455
2025-05-31,El Kansera,297.0,86.541,29.1385
2025-05-31,Garde de Sebou,40.0,32.055,80.1385
2025-05-31,Tiddas,507.0,20.982,4.1385
2025-05-31,Réserve totale,,808.802,
2025-05-30,Sidi Mohammed Ben Abdellah,974.788,660.792,67.7883
2025-05-30,Ain Kouachia,11.0,8.068,73.3455
2025-05-30,El Kansera,297.0,86.433,29.1022
2025-05-30,Garde de Sebou,40.0,32.041,80.1022
2025-05-30,Tiddas,507.0,20.798,4.1022
2025-05-30,Réserve totale,,808.132,
2025-05-29,Sidi Mohammed Ben Abdellah,974.788,660.068,67.714
2025-05-29,Ain Kouachia,11.0,8.068,73.3455
2025-05-29,El Kansera,297.0,85.967,28.9450
2025-05-29,Garde de Sebou,40.0,31.978,79.9450
2025-05-29,Tiddas,507.0,20.001,3.9450
2025-05-29,Réserve totale,,806.082,
2025-05-28,Sidi Mohammed Ben Abdellah,974.788,659.706,67.6769
2025-05-28,Ain Kouachia,11.0,8.054,73.2182
2025-05-28,El Kansera,297.0,86.029,28.9658
2025-05-28,Garde de Sebou,40.0,31.986,79.9658
2025-05-28,Tiddas,507.0,20.107,3.9658
2025-05-28,Réserve totale,,805.882,
2025-05-27,Sidi Mohammed Ben Abdellah,974.788,660.068,67.714
2025-05-27,Ain Kouachia,11.0,8.054,73.2182
2025-05-27,El Kansera,297.0,85.463,28.7753
2025-05-27,Garde de Sebou,40.0,31.910,79.7753
2025-05-27,Tiddas,507.0,19.141,3.7753
2025-05-27,Réserve totale,,804.635,
2025-05-26,Sidi Mohammed Ben Abdellah,974.788,660.43,67.7511
2025-05-26,Ain Kouachia,11.0,8.068,73.3455
2025-05-26,El Kansera,297.0,85.653,28.8395
2025-05-26,Garde de Sebou,40.0,31.936,79.8395
2025-05-26,Tiddas,507.0,19.466,3.8395
2025-05-26,Réserve totale,,805.553,
2025-05-25,Sidi Mohammed Ben Abdellah,974.788,660.792,67.7883
2025-05-25,Ain Kouachia,11.0,8.094,73.5818
2025-05-25,El Kansera,297.0,85.794,28.8870
2025-05-25,Garde de Sebou,40.0,31.955,79.8870
2025-05-25,Tiddas,507.0,19.707,3.8870
2025-05-25,Réserve totale,,806.342,
2025-05-24,Sidi Mohammed Ben Abdellah,974.788,660.792,67.7883
2025-05-24,Ain Kouachia,11.0,8.094,73.5818
2025-05-24,El Kansera,297.0,85.928,28.9320
2025-05-24,Garde de Sebou,40.0,31.973,79.9320
2025-05-24,Tiddas,507.0,19.935,3.9320
2025-05-24,Réserve totale,,806.722,
2025-05-23,Sidi Mohammed Ben Abdellah,974.788,660.792,67.7883
2025-05-23,Ain Kouachia,11.0,8.094,73.5818
2025-05-23,El Kansera,297.0,85.378,28.7469
2025-05-23,Garde de Sebou,40.0,31.899,79.7469
2025-05-23,Tiddas,507.0,18.997,3.7469
2025-05-23,Réserve totale,,805.160,
2025-05-22,Sidi Mohammed Ben Abdellah,974.788,660.43,67.7511
2025-05-22,Ain Kouachia,11.0,8.108,73.7091
2025-05-22,El Kansera,297.0,85.107,28.6557
2025-05-22,Garde de Sebou,40.0,31.862,79.6557
2025-05-22,Tiddas,507.0,18.534,3.6557
2025-05-22,Réserve totale,,804.042,
2025-05-21,Sidi Mohammed Ben Abdellah,974.788,660.43,67.7511
2025-05-21,Ain Kouachia,11.0,8.121,73.8273
2025-05-21,El Kansera,297.0,84.999,28.6193
2025-05-21,Garde de Sebou,40.0,31.848,79.6193
2025-05-21,Tiddas,507.0,18.350,3.6193
2025-05-21,Réserve totale,,803.747,
2025-05-20,Sidi Mohammed Ben Abdellah,974.788,660.068,67.714
2025-05-20,Ain Kouachia,11.0,8.134,73.9455
2025-05-20,El Kansera,297.0,84.426,28.4261
2025-05-20,Garde de Sebou,40.0,31.770,79.4261
2025-05-20,Tiddas,507.0,17.370,3.4261
2025-05-20,Réserve totale,,801.768,
2025-05-19,Sidi Mohammed Ben Abdellah,974.788,660.068,67.714
2025-05-19,Ain Kouachia,11.0,8.148,74.0727
2025-05-19,El Kansera,297.0,84.342,28.3979
2025-05-19,Garde de Sebou,40.0,31.759,79.3979
2025-05-19,Tiddas,507.0,17.227,3.3979
2025-05-19,Réserve totale,,801.544,
2025-05-18,Sidi Mohammed Ben Abdellah,974.788,659.706,67.6769
2025-05-18,Ain Kouachia,11.0,8.148,74.0727
2025-05-18,El Kansera,297.0,84.108,28.3191
2025-05-18,Garde de Sebou,40.0,31.728,79.3191
2025-05-18,Tiddas,507.0,16.828,3.3191
2025-05-18,Réserve totale,,800.517,
2025-05-17,Sidi Mohammed Ben Abdellah,974.788,659.706,67.6769
2025-05-17,Ain Kouachia,11.0,8.148,74.0727
2025-05-17,El Kansera,297.0,83.745,28.1971
2025-05-17,Garde de Sebou,40.0,31.679,79.1971
2025-05-17,Tiddas,507.0,16.209,3.1971
2025-05-17,Réserve totale,,799.487,
2025-05-16,Sidi Mohammed Ben Abdellah,974.788,659.344,67.6397
2025-05-16,Ain Kouachia,11.0,8.148,74.0727
2025-05-16,El Kansera,297.0,83.809,28.2187
2025-05-16,Garde de Sebou,40.0,31.687,79.2187
2025-05-16,Tiddas,507.0,16.319,3.2187
2025-05-16,Réserve totale,,799.308,
2025-05-15,Sidi Mohammed Ben Abdellah,974.788,658.982,67.6026
2025-05-15,Ain Kouachia,11.0,8.161,74.1909
2025-05-15,El Kansera,297.0,83.827,28.2245
2025-05-15,Garde de Sebou,40.0,31.690,79.2245
2025-05-15,Tiddas,507.0,16.348,3.2245
2025-05-15,Réserve totale,,799.008,
2025-05-14,Sidi Mohammed Ben Abdellah,974.788,658.982,67.6026
2025-05-14,Ain Kouachia,11.0,8.174,74.3091
2025-05-14,El Kansera,297.0,83.707,28.1842
2025-05-14,Garde de Sebou,40.0,31.674,79.1842
2025-05-14,Tiddas,507.0,16.144,3.1842
2025-05-14,Réserve totale,,798.681,
2025-05-13,Sidi Mohammed Ben Abdellah,974.788,658.62,67.5655
2025-05-13,Ain Kouachia,11.0,8.188,74.4364
2025-05-13,El Kansera,297.0,83.380,28.0742
2025-05-13,Garde de Sebou,40.0,31.630,79.0742
2025-05-13,Tiddas,507.0,15.586,3.0742
2025-05-13,Réserve totale,,797.404,
2025-05-12,Sidi Mohammed Ben Abdellah,974.788,658.259,67.5284
2025-05-12,Ain Kouachia,11.0,8.188,74.4364
2025-05-12,El Kansera,297.0,83.597,28.1472
2025-05-12,Garde de Sebou,40.0,31.659,79.1472
2025-05-12,Tiddas,507.0,15.956,3.1472
2025-05-12,Réserve totale,,797.660,
2025-05-11,Sidi Mohammed Ben Abdellah,974.788,657.898,67.4914
2025-05-11,Ain Kouachia,11.0,8.201,74.5545
2025-05-11,El Kansera,297.0,83.350,28.0641
2025-05-11,Garde de Sebou,40.0,31.626,79.0641
2025-05-11,Tiddas,507.0,15.535,3.0641
2025-05-11,Réserve totale,,796.610,
2025-05-10,Sidi Mohammed Ben Abdellah,974.788,657.898,67.4914
2025-05-10,Ain Kouachia,11.0,8.201,74.5545
2025-05-10,El Kansera,297.0,83.355,28.0658
2025-05-10,Garde de Sebou,40.0,31.626,79.0658
2025-05-10,Tiddas,507.0,15.544,3.0658
2025-05-10,Réserve totale,,796.624,
2025-05-09,Sidi Mohammed Ben Abdellah,974.788,657.898,67.4914
2025-05-09,Ain Kouachia,11.0,8.214,74.6727
2025-05-09,El Kansera,297.0,83.430,28.0908
2025-05-09,Garde de Sebou,40.0,31.636,79.0908
2025-05-09,Tiddas,507.0,15.671,3.0908
2025-05-09,Réserve totale,,796.849,
2025-05-08,Sidi Mohammed Ben Abdellah,974.788,657.536,67.4543
2025-05-08,Ain Kouachia,11.0,8.228,74.8
2025-05-08,El Kansera,297.0,83.256,28.0322
2025-05-08,Garde de Sebou,40.0,31.613,79.0322
2025-05-08,Tiddas,507.0,15.373,3.0322
2025-05-08,Réserve totale,,796.006,
2025-05-07,Sidi Mohammed Ben Abdellah,974.788,657.536,67.4543
2025-05-07,Ain Kouachia,11.0,8.228,74.8
2025-05-07,El Kansera,297.0,83.100,27.9797
2025-05-07,Garde de Sebou,40.0,31.592,78.9797
2025-05-07,Tiddas,507.0,15.107,2.9797
2025-05-07,Réserve totale,,795.562,
2025-05-06,Sidi Mohammed Ben Abdellah,974.788,657.536,67.4543
2025-05-06,Ain Kouachia,11.0,8.241,74.9182
2025-05-06,El Kansera,297.0,82.699,27.8448
2025-05-06,Garde de Sebou,40.0,31.538,78.8448
2025-05-06,Tiddas,507.0,14.423,2.8448
2025-05-06,Réserve totale,,794.437,
2025-05-05,Sidi Mohammed Ben Abdellah,974.788,657.536,67.4543
2025-05-05,Ain Kouachia,11.0,8.254,75.0364
2025-05-05,El Kansera,297.0,82.736,27.8572
2025-05-05,Garde de Sebou,40.0,31.543,78.8572
2025-05-05,Tiddas,507.0,14.486,2.8572
2025-05-05,Réserve totale,,794.555,
2025-05-04,Sidi Mohammed Ben Abdellah,974.788,657.536,67.4543
2025-05-04,Ain Kouachia,11.0,8.254,75.0364
2025-05-04,El Kansera,297.0,82.449,27.7604
2025-05-04,Garde de Sebou,40.0,31.504,78.7604
2025-05-04,Tiddas,507.0,13.995,2.7604
2025-05-04,Réserve totale,,793.738,
2025-05-03,Sidi Mohammed Ben Abdellah,974.788,657.175,67.4172
2025-05-03,Ain Kouachia,11.0,8.268,75.1636
2025-05-03,El Kansera,297.0,82.256,27.6956
2025-05-03,Garde de Sebou,40.0,31.478,78.6956
2025-05-03,Tiddas,507.0,13.667,2.6956
2025-05-03,Réserve totale,,792.844,
2025-05-02,Sidi Mohammed Ben Abdellah,974.788,657.175,67.4172
2025-05-02,Ain Kouachia,11.0,8.268,75.1636
2025-05-02,El Kansera,297.0,82.040,27.6228
2025-05-02,Garde de Sebou,40.0,31.449,78.6228
2025-05-02,Tiddas,507.0,13.298,2.6228
2025-05-02,Réserve totale,,792.229,
2025-05-01,Sidi Mohammed Ben Abdellah,974.788,657.175,67.4172
2025-05-01,Ain Kouachia,11.0,8.281,75.2818
2025-05-01,El Kansera,297.0,82.040,27.6231
2025-05-01,Garde de Sebou,40.0,31.449,78.6231
2025-05-01,Tiddas,507.0,13.299,2.6231
2025-05-01,Réserve totale,,792.245,
2025-04-30,Sidi Mohammed Ben Abdellah,974.788,656.815,67.3803
2025-04-30,Ain Kouachia,11.0,8.294,75.4
2025-04-30,El Kansera,297.0,81.608,27.4776
2025-04-30,Garde de Sebou,40.0,31.391,78.4776
2025-04-30,Tiddas,507.0,12.561,2.4776
2025-04-30,Réserve totale,,790.670,
2025-04-29,Sidi Mohammed Ben Abdellah,974.788,656.454,67.3433
2025-04-29,Ain Kouachia,11.0,8.294,75.4
2025-04-29,El Kansera,297.0,81.893,27.5733
2025-04-29,Garde de Sebou,40.0,31.429,78.5733
2025-04-29,Tiddas,507.0,13.047,2.5733
2025-04-29,Réserve totale,,791.117,
2025-04-28,Sidi Mohammed Ben Abdellah,974.788,655.373,67.2324
2025-04-28,Ain Kouachia,11.0,8.308,75.5273
2025-04-28,El Kansera,297.0,81.364,27.3952
2025-04-28,Garde de Sebou,40.0,31.358,78.3952
2025-04-28,Tiddas,507.0,12.144,2.3952
2025-04-28,Réserve totale,,788.547,
2025-04-27,Sidi Mohammed Ben Abdellah,974.788,653.574,67.0478
2025-04-27,Ain Kouachia,11.0,8.308,75.5273
2025-04-27,El Kansera,297.0,81.280,27.3671
2025-04-27,Garde de Sebou,40.0,31.347,78.3671
2025-04-27,Tiddas,507.0,12.001,2.3671
2025-04-27,Réserve totale,,786.511,
2025-04-26,Sidi Mohammed Ben Abdellah,974.788,649.631,66.6433
2025-04-26,Ain Kouachia,11.0,8.308,75.5273
2025-04-26,El Kansera,297.0,81.240,27.3537
2025-04-26,Garde de Sebou,40.0,31.341,78.3537
2025-04-26,Tiddas,507.0,11.933,2.3537
2025-04-26,Réserve totale,,782.454,
2025-04-25,Sidi Mohammed Ben Abdellah,974.788,647.132,66.3869
2025-04-25,Ain Kouachia,11.0,8.321,75.6455
2025-04-25,El Kansera,297.0,80.984,27.2673
2025-04-25,Garde de Sebou,40.0,31.307,78.2673
2025-04-25,Tiddas,507.0,11.495,2.2673
2025-04-25,Réserve totale,,779.239,
2025-04-24,Sidi Mohammed Ben Abdellah,974.788,645.708,66.2409
2025-04-24,Ain Kouachia,11.0,8.334,75.7636
2025-04-24,El Kansera,297.0,80.806,27.2073
2025-04-24,Garde de Sebou,40.0,31.283,78.2073
2025-04-24,Tiddas,507.0,11.191,2.2073
2025-04-24,Réserve totale,,777.321,
2025-04-23,Sidi Mohammed Ben Abdellah,974.788,643.222,65.9858
2025-04-23,Ain Kouachia,11.0,8.334,75.7636
2025-04-23,El Kansera,297.0,81.052,27.2901
2025-04-23,Garde de Sebou,40.0,31.316,78.2901
2025-04-23,Tiddas,507.0,11.611,2.2901
2025-04-23,Réserve totale,,775.535,
2025-04-22,Sidi Mohammed Ben Abdellah,974.788,638.628,65.5145
2025-04-22,Ain Kouachia,11.0,8.348,75.8909
2025-04-22,El Kansera,297.0,80.794,27.2034
2025-04-22,Garde de Sebou,40.0,31.281,78.2034
2025-04-22,Tiddas,507.0,11.171,2.2034
2025-04-22,Réserve totale,,770.223,
2025-04-21,Sidi Mohammed Ben Abdellah,974.788,638.276,65.4784
2025-04-21,Ain Kouachia,11.0,8.348,75.8909
2025-04-21,El Kansera,297.0,80.921,27.2461
2025-04-21,Garde de Sebou,40.0,31.298,78.2461
2025-04-21,Tiddas,507.0,11.388,2.2461
2025-04-21,Réserve totale,,770.231,
2025-04-20,Sidi Mohammed Ben Abdellah,974.788,637.924,65.4423
2025-04-20,Ain Kouachia,11.0,8.348,75.8909
2025-04-20,El Kansera,297.0,80.380,27.0641
2025-04-20,Garde de Sebou,40.0,31.226,78.0641
2025-04-20,Tiddas,507.0,10.465,2.0641
2025-04-20,Réserve totale,,768.343,
2025-04-19,Sidi Mohammed Ben Abdellah,974.788,637.572,65.4062
2025-04-19,Ain Kouachia,11.0,8.348,75.8909
2025-04-19,El Kansera,297.0,79.884,26.8969
2025-04-19,Garde de Sebou,40.0,31.159,77.8969
2025-04-19,Tiddas,507.0,9.618,1.8969
2025-04-19,Réserve totale,,766.580,
2025-04-18,Sidi Mohammed Ben Abdellah,974.788,637.22,65.3701
2025-04-18,Ain Kouachia,11.0,8.348,75.8909
2025-04-18,El Kansera,297.0,79.816,26.8739
2025-04-18,Garde de Sebou,40.0,31.150,77.8739
2025-04-18,Tiddas,507.0,9.501,1.8739
2025-04-18,Réserve totale,,766.034,
2025-04-17,Sidi Mohammed Ben Abdellah,974.788,636.517,65.298
2025-04-17,Ain Kouachia,11.0,8.361,76.0091
2025-04-17,El Kansera,297.0,79.294,26.6984
2025-04-17,Garde de Sebou,40.0,31.079,77.6984
2025-04-17,Tiddas,507.0,8.611,1.6984
2025-04-17,Réserve totale,,763.862,
2025-04-16,Sidi Mohammed Ben Abdellah,974.788,635.815,65.226
2025-04-16,Ain Kouachia,11.0,8.361,76.0091
2025-04-16,El Kansera,297.0,78.719,26.5047
2025-04-16,Garde de Sebou,40.0,31.002,77.5047
2025-04-16,Tiddas,507.0,7.629,1.5047
2025-04-16,Réserve totale,,761.526,
2025-04-15,Sidi Mohammed Ben Abdellah,974.788,633.713,65.0103
2025-04-15,Ain Kouachia,11.0,8.361,76.0091
2025-04-15,El Kansera,297.0,78.423,26.4049
2025-04-15,Garde de Sebou,40.0,30.962,77.4049
2025-04-15,Tiddas,507.0,7.123,1.4049
2025-04-15,Réserve totale,,758.581,
2025-04-14,Sidi Mohammed Ben Abdellah,974.788,629.182,64.5455
2025-04-14,Ain Kouachia,11.0,8.361,76.0091
2025-04-14,El Kansera,297.0,78.459,26.4170
2025-04-14,Garde de Sebou,40.0,30.967,77.4170
2025-04-14,Tiddas,507.0,7.184,1.4170
2025-04-14,Réserve totale,,754.153,
2025-04-13,Sidi Mohammed Ben Abdellah,974.788,606.675,62.2366
2025-04-13,Ain Kouachia,11.0,8.348,75.8909
2025-04-13,El Kansera,297.0,78.723,26.5060
2025-04-13,Garde de Sebou,40.0,31.002,77.5060
2025-04-13,Tiddas,507.0,7.635,1.5060
2025-04-13,Réserve totale,,732.383,
2025-04-12,Sidi Mohammed Ben Abdellah,974.788,606.341,62.2023
2025-04-12,Ain Kouachia,11.0,8.348,75.8909
2025-04-12,El Kansera,297.0,78.818,26.5379
2025-04-12,Garde de Sebou,40.0,31.015,77.5379
2025-04-12,Tiddas,507.0,7.797,1.5379
2025-04-12,Réserve totale,,732.319,
2025-04-11,Sidi Mohammed Ben Abdellah,974.788,605.006,62.0654
2025-04-11,Ain Kouachia,11.0,8.348,75.8909
2025-04-11,El Kansera,297.0,79.069,26.6226
2025-04-11,Garde de Sebou,40.0,31.049,77.6226
2025-04-11,Tiddas,507.0,8.226,1.6226
2025-04-11,Réserve totale,,731.698,
2025-04-10,Sidi Mohammed Ben Abdellah,974.788,605.006,62.0654
2025-04-10,Ain Kouachia,11.0,8.348,75.8909
2025-04-10,El Kansera,297.0,78.502,26.4318
2025-04-10,Garde de Sebou,40.0,30.973,77.4318
2025-04-10,Tiddas,507.0,7.259,1.4318
2025-04-10,Réserve totale,,730.088,
2025-04-09,Sidi Mohammed Ben Abdellah,974.788,605.006,62.0654
2025-04-09,Ain Kouachia,11.0,8.348,75.8909
2025-04-09,El Kansera,297.0,78.112,26.3005
2025-04-09,Garde de Sebou,40.0,30.920,77.3005
2025-04-09,Tiddas,507.0,6.593,1.3005
2025-04-09,Réserve totale,,728.980,
2025-04-08,Sidi Mohammed Ben Abdellah,974.788,604.673,62.0312
2025-04-08,Ain Kouachia,11.0,8.361,76.0091
2025-04-08,El Kansera,297.0,78.386,26.3926
2025-04-08,Garde de Sebou,40.0,30.957,77.3926
2025-04-08,Tiddas,507.0,7.061,1.3926
2025-04-08,Réserve totale,,729.438,
2025-04-07,Sidi Mohammed Ben Abdellah,974.788,604.34,61.9971
2025-04-07,Ain Kouachia,11.0,8.361,76.0091
2025-04-07,El Kansera,297.0,78.585,26.4595
2025-04-07,Garde de Sebou,40.0,30.984,77.4595
2025-04-07,Tiddas,507.0,7.399,1.4595
2025-04-07,Réserve totale,,729.669,
2025-04-06,Sidi Mohammed Ben Abdellah,974.788,604.34,61.9971
2025-04-06,Ain Kouachia,11.0,8.374,76.1273
2025-04-06,El Kansera,297.0,78.226,26.3387
2025-04-06,Garde de Sebou,40.0,30.935,77.3387
2025-04-06,Tiddas,507.0,6.787,1.3387
2025-04-06,Réserve totale,,728.662,
2025-04-05,Sidi Mohammed Ben Abdellah,974.788,604.007,61.9629
2025-04-05,Ain Kouachia,11.0,8.374,76.1273
2025-04-05,El Kansera,297.0,78.416,26.4029
2025-04-05,Garde de Sebou,40.0,30.961,77.4029
2025-04-05,Tiddas,507.0,7.113,1.4029
2025-04-05,Réserve totale,,728.871,
2025-04-04,Sidi Mohammed Ben Abdellah,974.788,603.674,61.9287
2025-04-04,Ain Kouachia,11.0,8.361,76.0091
2025-04-04,El Kansera,297.0,78.687,26.4938
2025-04-04,Garde de Sebou,40.0,30.998,77.4938
2025-04-04,Tiddas,507.0,7.573,1.4938
2025-04-04,Réserve totale,,729.292,
2025-04-03,Sidi Mohammed Ben Abdellah,974.788,603.342,61.8947
2025-04-03,Ain Kouachia,11.0,8.374,76.1273
2025-04-03,El Kansera,297.0,78.913,26.5701
2025-04-03,Garde de Sebou,40.0,31.028,77.5701
2025-04-03,Tiddas,507.0,7.960,1.5701
2025-04-03,Réserve totale,,729.618,
2025-04-02,Sidi Mohammed Ben Abdellah,974.788,603.01,61.8606
2025-04-02,Ain Kouachia,11.0,8.374,76.1273
2025-04-02,El Kansera,297.0,78.488,26.4269
2025-04-02,Garde de Sebou,40.0,30.971,77.4269
2025-04-02,Tiddas,507.0,7.234,1.4269
2025-04-02,Réserve totale,,728.077,
2025-04-01,Sidi Mohammed Ben Abdellah,974.788,602.678,61.8266
2025-04-01,Ain Kouachia,11.0,8.388,76.2545
2025-04-01,El Kansera,297.0,78.268,26.3529
2025-04-01,Garde de Sebou,40.0,30.941,77.3529
2025-04-01,Tiddas,507.0,6.859,1.3529
2025-04-01,Réserve totale,,727.134,
2025-03-31,Sidi Mohammed Ben Abdellah,974.788,602.346,61.7925
2025-03-31,Ain Kouachia,11.0,8.388,76.2545
2025-03-31,El Kansera,297.0,78.507,26.4335
2025-03-31,Garde de Sebou,40.0,30.973,77.4335
2025-03-31,Tiddas,507.0,7.268,1.4335
2025-03-31,Réserve totale,,727.482,
2025-03-30,Sidi Mohammed Ben Abdellah,974.788,601.684,61.7246
2025-03-30,Ain Kouachia,11.0,8.388,76.2545
2025-03-30,El Kansera,297.0,78.011,26.2664
2025-03-30,Garde de Sebou,40.0,30.907,77.2664
2025-03-30,Tiddas,507.0,6.421,1.2664
2025-03-30,Réserve totale,,725.411,
2025-03-29,Sidi Mohammed Ben Abdellah,974.788,601.022,61.6567
2025-03-29,Ain Kouachia,11.0,8.388,76.2545
2025-03-29,El Kansera,297.0,77.936,26.2409
2025-03-29,Garde de Sebou,40.0,30.896,77.2409
2025-03-29,Tiddas,507.0,6.292,1.2409
2025-03-29,Réserve totale,,724.533,
2025-03-28,Sidi Mohammed Ben Abdellah,974.788,600.361,61.5889
2025-03-28,Ain Kouachia,11.0,8.401,76.3727
2025-03-28,El Kansera,297.0,77.923,26.2367
2025-03-28,Garde de Sebou,40.0,30.895,77.2367
2025-03-28,Tiddas,507.0,6.270,1.2367
2025-03-28,Réserve totale,,723.850,
2025-03-27,Sidi Mohammed Ben Abdellah,974.788,599.371,61.4873
2025-03-27,Ain Kouachia,11.0,8.401,76.3727
2025-03-27,El Kansera,297.0,77.704,26.1630
2025-03-27,Garde de Sebou,40.0,30.865,77.1630
2025-03-27,Tiddas,507.0,5.897,1.1630
2025-03-27,Réserve totale,,722.238,
2025-03-26,Sidi Mohammed Ben Abdellah,974.788,598.383,61.386
2025-03-26,Ain Kouachia,11.0,8.401,76.3727
2025-03-26,El Kansera,297.0,77.559,26.1143
2025-03-26,Garde de Sebou,40.0,30.846,77.1143
2025-03-26,Tiddas,507.0,5.649,1.1143
2025-03-26,Réserve totale,,720.838,
2025-03-25,Sidi Mohammed Ben Abdellah,974.788,596.741,61.2175
2025-03-25,Ain Kouachia,11.0,8.401,76.3727
2025-03-25,El Kansera,297.0,77.535,26.1060
2025-03-25,Garde de Sebou,40.0,30.842,77.1060
2025-03-25,Tiddas,507.0,5.607,1.1060
2025-03-25,Réserve totale,,719.127,
2025-03-24,Sidi Mohammed Ben Abdellah,974.788,594.777,61.016
2025-03-24,Ain Kouachia,11.0,8.388,76.2545
2025-03-24,El Kansera,297.0,76.974,25.9170
2025-03-24,Garde de Sebou,40.0,30.767,76.9170
2025-03-24,Tiddas,507.0,5.070,1.0000
2025-03-24,Réserve totale,,715.975,
2025-03-23,Sidi Mohammed Ben Abdellah,974.788,591.838,60.7145
2025-03-23,Ain Kouachia,11.0,8.348,75.8909
2025-03-23,El Kansera,297.0,77.198,25.9926
2025-03-23,Garde de Sebou,40.0,30.797,76.9926
2025-03-23,Tiddas,507.0,5.453,1.0756
2025-03-23,Réserve totale,,713.634,
2025-03-22,Sidi Mohammed Ben Abdellah,974.788,588.292,60.3508
2025-03-22,Ain Kouachia,11.0,8.348,75.8909
2025-03-22,El Kansera,297.0,76.914,25.8970
2025-03-22,Garde de Sebou,40.0,30.759,76.8970
2025-03-22,Tiddas,507.0,5.070,1.0000
2025-03-22,Réserve totale,,709.383,
2025-03-21,Sidi Mohammed Ben Abdellah,974.788,580.948,59.5974
2025-03-21,Ain Kouachia,11.0,8.348,75.8909
2025-03-21,El Kansera,297.0,76.722,25.8322
2025-03-21,Garde de Sebou,40.0,30.733,76.8322
2025-03-21,Tiddas,507.0,5.070,1.0000
2025-03-21,Réserve totale,,701.821,
2025-03-20,Sidi Mohammed Ben Abdellah,974.788,571.819,58.6609
2025-03-20,Ain Kouachia,11.0,8.348,75.8909
2025-03-20,El Kansera,297.0,76.205,25.6584
2025-03-20,Garde de Sebou,40.0,30.663,76.6584
2025-03-20,Tiddas,507.0,5.070,1.0000
2025-03-20,Réserve totale,,692.106,
2025-03-19,Sidi Mohammed Ben Abdellah,974.788,568.695,58.3404
2025-03-19,Ain Kouachia,11.0,8.348,75.8909
2025-03-19,El Kansera,297.0,76.502,25.7584
2025-03-19,Garde de Sebou,40.0,30.703,76.7584
2025-03-19,Tiddas,507.0,5.577,1.1000
2025-03-19,Réserve totale,,689.826,
2025-03-18,Sidi Mohammed Ben Abdellah,974.788,559.086,57.3546
2025-03-18,Ain Kouachia,11.0,8.348,75.8909
2025-03-18,El Kansera,297.0,76.448,25.7402
2025-03-18,Garde de Sebou,40.0,30.696,76.7402
2025-03-18,Tiddas,507.0,5.485,1.0818
2025-03-18,Réserve totale,,680.063,
2025-03-17,Sidi Mohammed Ben Abdellah,974.788,548.051,56.2226
2025-03-17,Ain Kouachia,11.0,8.321,75.6455
2025-03-17,El Kansera,297.0,76.383,25.7181
2025-03-17,Garde de Sebou,40.0,30.687,76.7181
2025-03-17,Tiddas,507.0,5.373,1.0597
2025-03-17,Réserve totale,,668.814,
2025-03-16,Sidi Mohammed Ben Abdellah,974.788,533.812,54.7619
2025-03-16,Ain Kouachia,11.0,8.321,75.6455
2025-03-16,El Kansera,297.0,76.056,25.6081
2025-03-16,Garde de Sebou,40.0,30.643,76.6081
2025-03-16,Tiddas,507.0,5.070,1.0000
2025-03-16,Réserve totale,,653.902,
2025-03-15,Sidi Mohammed Ben Abdellah,974.788,524.504,53.807
2025-03-15,Ain Kouachia,11.0,8.308,75.5273
2025-03-15,El Kansera,297.0,76.090,25.6196
2025-03-15,Garde de Sebou,40.0,30.648,76.6196
2025-03-15,Tiddas,507.0,5.128,1.0115
2025-03-15,Réserve totale,,644.679,
2025-03-14,Sidi Mohammed Ben Abdellah,974.788,491.855,50.4576
2025-03-14,Ain Kouachia,11.0,7.695,69.9545
2025-03-14,El Kansera,297.0,75.789,25.5183
2025-03-14,Garde de Sebou,40.0,30.607,76.5183
2025-03-14,Tiddas,507.0,5.070,1.0000
2025-03-14,Réserve totale,,611.017,
2025-03-13,Sidi Mohammed Ben Abdellah,974.788,478.735,49.1117
2025-03-13,Ain Kouachia,11.0,6.773,61.5727
2025-03-13,El Kansera,297.0,75.999,25.5890
2025-03-13,Garde de Sebou,40.0,30.636,76.5890
2025-03-13,Tiddas,507.0,5.428,1.0707
2025-03-13,Réserve totale,,597.571,
2025-03-12,Sidi Mohammed Ben Abdellah,974.788,457.509,46.9342
2025-03-12,Ain Kouachia,11.0,6.081,55.2818
2025-03-12,El Kansera,297.0,75.692,25.4857
2025-03-12,Garde de Sebou,40.0,30.594,76.4857
2025-03-12,Tiddas,507.0,5.070,1.0000
2025-03-12,Réserve totale,,574.947,
2025-03-11,Sidi Mohammed Ben Abdellah,974.788,442.293,45.3732
2025-03-11,Ain Kouachia,11.0,5.246,47.6909
2025-03-11,El Kansera,297.0,75.114,25.2910
2025-03-11,Garde de Sebou,40.0,30.516,76.2910
2025-03-11,Tiddas,507.0,5.070,1.0000
2025-03-11,Réserve totale,,558.240,
2025-03-10,Sidi Mohammed Ben Abdellah,974.788,432.001,44.3174
2025-03-10,Ain Kouachia,11.0,5.185,47.1364
2025-03-10,El Kansera,297.0,74.634,25.1292
2025-03-10,Garde de Sebou,40.0,30.452,76.1292
2025-03-10,Tiddas,507.0,5.070,1.0000
2025-03-10,Réserve totale,,547.341,
2025-03-09,Sidi Mohammed Ben Abdellah,974.788,420.176,43.1043
2025-03-09,Ain Kouachia,11.0,4.714,42.8545
2025-03-09,El Kansera,297.0,74.571,25.1082
2025-03-09,Garde de Sebou,40.0,30.443,76.1082
2025-03-09,Tiddas,507.0,5.070,1.0000
2025-03-09,Réserve totale,,534.975,
2025-03-08,Sidi Mohammed Ben Abdellah,974.788,417.447,42.8244
2025-03-08,Ain Kouachia,11.0,4.564,41.4909
2025-03-08,El Kansera,297.0,74.238,24.9958
2025-03-08,Garde de Sebou,40.0,30.398,75.9958
2025-03-08,Tiddas,507.0,5.070,1.0000
2025-03-08,Réserve totale,,531.717,
2025-03-07,Sidi Mohammed Ben Abdellah,974.788,412.554,42.3224
2025-03-07,Ain Kouachia,11.0,4.564,41.4909
2025-03-07,El Kansera,297.0,73.684,24.8094
2025-03-07,Garde de Sebou,40.0,30.324,75.8094
2025-03-07,Tiddas,507.0,5.070,1.0000
2025-03-07,Réserve totale,,526.196,
